"","Bacillus","Klebsiella","Erysipelotrichaceae_incertae_sedis","Varibaculum","Ureibacillus","Eubacterium","Acidovorax","Porphyromonadaceae_unclassified","Parvimonas","Clostridium_IV","Lactobacillales_unclassified","Haemophilus","Firmicutes_unclassified","Peptostreptococcus","Bifidobacterium","Burkholderiales_unclassified","Lactobacillaceae_unclassified","Methylobacteriaceae_unclassified","Rothia","Coriobacteriaceae_unclassified","Lysinibacillus","Faecalibacterium","Gemmiger","Sphingomonadaceae_unclassified","Brachyspira","Clostridia_unclassified","Actinomycetales_unclassified","Collinsella","Flavonifractor","Bifidobacteriaceae_unclassified","Slackia","Bacillales_unclassified","Butyricimonas","Peptoniphilus","Aneurinibacillus","Lactobacillus","Streptococcaceae_unclassified","Pelomonas","Anaerococcus","Leuconostoc","Methylocystis","Spirochaetaceae_unclassified","Bacillaceae_2_unclassified","Turicibacter","Clostridium_XlVa","Paenibacillus","Treponema","Brevibacillus","Atopobium","Clostridium_XlVb","Veillonella","Succinivibrio","Ruminococcaceae_unclassified","Mitsuokella","Microbacteriaceae_unclassified","Sutterella","Clostridium_XVIII","Escherichia_Shigella","Sarcina","Eggerthella","Cetobacterium","Lachnospiracea_incertae_sedis","Burkholderiales_incertae_sedis_unclassified","Fusobacteriaceae_unclassified","Clostridium_sensu_stricto","Akkermansia","Roseburia","Prevotellaceae_unclassified","Barnesiella","Megasphaera","Weissella","Dorea","Mogibacterium","Actinobacteria_unclassified","Enterococcaceae_unclassified","Catenibacterium","unknown_unclassified","Ruminococcus","Dialister","Alphaproteobacteria_unclassified","Streptococcus","Bacteroidetes_unclassified","Howardella","Megamonas","Enterobacteriaceae_unclassified","Butyrivibrio","Anaerobacter","Desulfovibrio","Enterococcus","Odoribacter","Campylobacter","Subdoligranulum","Pseudomonas","Cloacibacterium","Lactococcus","Bacteroides","Pseudoflavonifractor","Prevotella","Comamonas","Eubacteriaceae_unclassified","Granulicatella","Peptostreptococcaceae_unclassified","Streptophyta_unclassified","Butyricicoccus","Gemella","Proteobacteria_unclassified","Propionibacteriaceae_unclassified","Blautia","Propionibacterium","Bacteroidales_unclassified","Bacteria_unclassified","Clostridiales_unclassified","Oscillibacter","Comamonadaceae_unclassified","Clostridium_XI","Staphylococcus","Alistipes","TM7_genera_incertae_sedis_unclassified","Veillonellaceae_unclassified","Erysipelotrichaceae_unclassified","Parabacteroides","Actinomyces","Clostridiaceae_1_unclassified","Lachnospiraceae_unclassified","Bacilli_unclassified","Selenomonadales_unclassified","Bacillaceae_1_unclassified","Gammaproteobacteria_unclassified"
"M1",0,1,0,0,0,0,0,0,0,0,14,1,9,0,7,0,0,0,2,20,0,115,0,0,0,0,1,1,0,0,24,1,0,0,0,1,4,0,0,0,0,0,0,6,0,0,0,0,0,0,1,0,138,0,0,0,3,5,0,0,0,8,0,0,0,0,26,2,0,1,3,381,0,1,0,0,0,1635,54,0,1028,0,0,0,0,0,0,0,3,0,0,0,0,0,0,0,0,0,0,0,8,0,0,0,2,0,0,563,0,0,150,58,0,0,6,1,0,1,0,64,0,7,6,604,0,0,0,0
"M11",1,0,18,3,0,0,0,0,1,0,4,1,69,0,0,0,0,0,0,154,0,3178,0,0,0,3,0,118,11,0,30,0,0,0,0,0,0,0,0,0,0,12,0,20,0,0,0,0,0,0,0,0,624,7,0,0,0,0,49,11,0,70,0,0,49,0,2,131,1,0,0,18,0,6,0,6,0,1,779,0,1,16,7,0,0,0,2,0,2,0,0,1,0,0,0,10,0,41,1,0,0,21,0,0,0,0,0,67,0,9,372,284,0,0,821,0,2,0,38,1,0,1,23,98,0,0,0,0
"M12",1,0,107,0,0,0,0,0,0,0,0,0,209,0,0,0,0,0,0,180,0,997,0,0,0,2,0,133,9,0,11,4,1,0,0,0,0,0,0,0,0,0,1,9,0,0,0,0,1,0,0,0,659,8,0,0,0,0,10,3,0,7,0,0,0,0,3,88,0,0,0,23,0,17,0,30,0,144,779,0,3,9,4,0,0,0,0,0,0,0,0,0,0,0,0,3,0,19,0,1,0,0,0,1,0,0,0,82,0,19,655,2018,2,0,40,0,3,1,32,16,0,3,10,112,0,0,0,0
"M120",0,0,15,0,0,0,0,0,0,0,2,0,30,0,6,0,0,0,0,33,0,392,0,0,1,2,0,9,0,0,1,49,0,0,0,0,0,0,0,0,0,0,0,36,0,0,0,3,0,0,1,0,1136,0,0,0,0,0,207,0,0,1,0,0,1,0,2,173,0,0,1,17,0,3,0,19,1,12,304,0,98,12,0,0,0,0,3,0,0,0,0,0,0,0,0,0,0,39,0,0,0,1,0,0,0,0,0,43,0,3,55,24,0,0,248,0,0,0,7,1,0,0,156,65,1,1,0,0
"M122",0,0,102,0,0,0,0,0,0,0,1,0,47,0,3,0,0,0,1,47,0,274,1,0,0,0,0,28,1,0,10,0,0,0,0,0,0,0,1,0,0,0,0,13,0,0,0,1,0,0,1,0,4089,0,0,0,0,0,0,0,0,0,0,0,0,0,3,29,0,0,4,26,2,0,0,23,0,46,6,0,16,1,0,0,0,0,1,0,0,0,0,4,0,0,0,0,0,2,0,0,0,0,42,0,3,0,0,124,0,0,145,84,0,0,54,0,0,0,0,9,0,0,36,225,0,0,0,0
"M123",0,4,9,0,0,0,0,0,0,0,1,0,20,2,1,0,0,0,0,12,0,965,2,0,0,3,0,15,0,0,1,0,0,0,1,0,0,0,0,0,0,0,0,3,0,0,0,1,0,0,2,0,3259,0,0,0,0,12,0,1,0,13,0,21,0,1,5,47,0,1,0,12,0,2,0,16,0,3,104,0,0,2,0,0,3,0,0,0,6,0,1,0,0,0,0,19,0,9,0,0,0,0,0,0,0,0,0,34,0,4,64,46,0,0,31,0,1,0,3,0,0,0,3,39,0,0,0,0
"M13",2,0,6,0,0,0,0,2,0,0,1,0,130,0,1,0,0,0,0,41,0,924,1,0,0,2,0,76,6,0,5,9,0,0,0,0,0,0,0,0,0,0,0,25,0,0,4,0,0,0,0,0,535,0,0,0,0,1,25,1,0,1,0,0,97,0,1,113,0,0,0,6,0,13,0,0,0,0,963,0,0,15,2,0,0,7,1,1,0,0,0,0,0,0,0,12,0,29,0,0,0,7,0,0,0,0,0,16,0,21,964,2352,0,0,286,0,2,0,58,2,0,1,18,84,0,0,0,0
"M14",0,0,27,0,0,0,0,0,0,1,0,1,130,0,3,0,0,0,0,100,0,111,0,0,0,0,2,189,15,0,10,5,0,0,0,9,0,0,0,0,0,0,0,0,0,0,0,0,0,0,28,0,1346,0,0,0,0,114,0,1,0,7,0,0,0,0,2,0,0,1,0,279,2,8,0,9,0,3,1360,0,38,4,0,0,0,0,0,0,0,0,0,0,0,0,0,0,0,1,0,0,0,1,0,1,0,0,0,526,0,1,486,158,0,0,6,1,0,1,38,0,0,1,4,340,0,1,0,0
"M148",0,1,35,0,0,0,0,0,0,0,2,0,77,0,73,0,0,0,0,101,0,388,0,0,0,1,1,112,0,2,7,4,0,0,0,0,0,0,0,0,0,0,0,19,0,0,0,0,0,0,1,0,259,0,0,0,0,0,2,1,0,6,0,0,0,0,9,27,0,0,0,33,0,6,0,3,0,7,153,0,26,2,0,0,0,0,4,0,2,0,0,0,0,0,0,0,0,8,0,0,0,3,2,0,0,0,0,56,0,0,268,252,0,0,63,1,0,0,7,3,0,1,164,137,0,0,0,1
"M153",0,0,6,0,0,0,0,0,0,2,0,0,144,0,3,0,0,0,1,47,1,54,3,0,0,4,1,30,49,0,1,14,0,0,0,0,0,0,0,0,0,0,0,11,0,1,0,1,0,0,0,0,3723,0,0,0,0,3,0,0,0,1,0,0,0,0,0,5,0,0,5,2,3,4,0,16,1,71,7,0,4,0,0,0,0,0,2,0,0,0,0,0,0,0,0,0,0,3,0,0,0,1,5,0,0,0,0,45,0,0,151,89,0,0,51,1,0,0,0,0,0,1,7,482,0,0,0,0
"M16",0,1,16,0,0,0,0,0,0,0,1,1,132,0,0,0,0,0,0,45,0,421,1,0,0,2,1,9,1,0,16,2,0,0,0,0,0,0,0,0,0,0,0,22,0,0,1,0,0,0,1,2,354,2,0,0,0,0,0,0,0,109,0,0,728,0,33,27,0,0,0,22,0,7,0,25,0,3,536,0,9,8,4,0,0,10,1,0,2,0,0,0,0,0,0,2,0,8,0,0,1,10,6,0,0,0,0,34,0,0,543,969,1,0,685,0,1,0,13,1,0,1,29,677,0,0,0,0
"M17",0,0,14,0,0,1,0,0,0,0,0,0,161,0,578,0,0,0,1,52,0,3349,0,0,0,0,0,138,6,4,46,4,0,0,0,0,0,0,0,0,0,0,0,60,0,0,0,0,0,0,3,5,1254,0,0,0,1,0,0,0,0,11,0,0,33,0,7,42,0,0,0,34,0,20,0,32,0,44,509,0,6,1,0,0,1,0,0,0,0,0,0,0,0,0,0,1,0,8,0,0,0,0,2,0,0,0,0,35,0,0,715,111,1,0,43,0,2,2,11,58,0,4,22,96,0,2,0,0
"M170",1,0,111,0,0,0,0,0,0,0,0,0,16,0,0,0,0,0,0,15,0,63,0,0,0,4,1,99,0,0,7,11,0,0,1,0,0,0,1,0,0,0,0,419,0,1,0,3,0,0,1,0,307,0,0,0,2,2,451,0,0,26,0,0,0,0,1,5,0,0,0,253,0,2,0,25,0,10,0,0,35,0,0,0,0,0,8,0,0,0,0,0,0,0,0,0,0,2,0,0,0,7,0,0,0,0,0,385,0,0,100,43,0,0,459,0,0,1,0,5,0,2,208,396,0,0,0,0
"M18",0,0,4,0,0,0,0,0,0,2,0,0,75,0,1,1,0,0,0,3,0,598,1,0,0,7,0,0,2,0,6,0,0,0,0,0,0,0,0,0,0,0,0,4,2,0,0,0,1,0,0,4,551,0,0,0,0,0,0,1,0,9,0,0,13,0,4,1472,0,0,0,73,0,1,0,11,0,0,59,0,1,26,0,0,0,1,0,0,0,0,0,0,0,0,0,2,2,179,0,0,0,11,0,1,0,0,0,57,0,24,472,198,3,0,420,0,0,0,3,6,1,0,9,295,0,0,0,0
"M19",0,0,30,0,0,0,0,0,0,0,0,0,31,0,54,0,0,0,0,102,0,107,0,0,0,1,0,13,2,2,2,0,0,0,0,0,0,0,0,0,0,0,0,116,0,0,0,0,0,0,3,0,178,0,0,0,0,0,0,4,0,16,0,0,0,0,2,32,0,0,0,310,0,2,0,219,0,32,8,0,26,1,0,0,0,0,6,0,1,0,0,0,0,0,0,0,0,10,0,0,0,8,9,0,0,0,0,293,0,1,229,124,0,0,516,0,0,0,1,2,0,3,252,506,0,0,0,0
"M199",0,0,23,0,0,1,0,0,0,0,0,0,772,0,0,0,0,0,0,51,0,45,0,0,0,4,1,33,14,0,4,5,0,0,0,0,0,0,0,0,0,0,0,4,0,0,0,2,0,0,0,0,2170,0,0,0,0,0,3,1,0,0,0,0,0,0,1,19,0,0,5,11,10,17,0,40,0,183,3,0,14,3,0,0,0,0,0,0,0,0,0,0,0,0,0,0,0,2,0,0,0,0,1,0,0,0,0,197,0,0,181,1492,0,0,18,1,0,1,0,5,0,4,3,276,0,0,1,0
"M2",0,5,41,0,0,0,0,1,0,0,0,0,187,0,0,0,0,0,0,388,0,851,3,0,0,6,0,121,9,0,38,2,0,0,0,0,0,0,0,0,0,0,0,31,0,0,0,0,0,0,1,1,2715,0,0,0,0,2,0,34,0,12,0,0,0,0,1,58,0,0,0,49,0,48,0,43,0,83,31,0,7,7,0,0,0,0,2,0,0,0,0,0,0,0,0,0,0,16,0,0,1,1,0,0,0,0,0,91,0,0,642,209,1,0,49,0,0,1,5,7,0,7,34,156,0,0,0,0
"M20",0,0,38,0,0,0,0,0,0,0,13,0,192,0,7,1,0,0,6,60,0,116,0,0,0,10,0,18,1,0,35,13,0,0,0,0,2,0,0,21,0,0,0,112,0,0,0,2,1,0,4,0,158,1,0,0,0,3,871,0,0,17,0,0,0,0,1,8,0,1,190,7,0,1,1,3,0,3,121,0,1632,1,1,0,0,2,36,0,11,0,0,0,0,0,0,0,0,3,0,0,0,39,4,0,0,0,1,71,0,1,262,103,0,0,1380,10,0,0,5,6,0,6,1314,398,1,0,0,0
"M207",0,0,22,0,0,0,0,0,0,0,1,0,58,0,1,0,0,0,0,12,0,321,0,0,0,0,0,110,10,0,7,0,0,0,0,0,0,0,0,0,0,0,0,6,0,0,0,0,0,0,1,1,178,0,0,0,2,0,0,1,0,15,0,0,0,1,7,1320,0,0,0,114,0,2,0,83,0,9,1,0,17,18,0,0,0,0,0,0,0,0,0,0,0,0,0,1,0,604,1,0,3,0,0,0,1,0,0,621,0,38,144,50,0,0,16,0,0,0,1,45,0,0,2,519,0,0,0,0
"M21",0,0,55,0,0,0,0,0,0,0,0,0,82,0,0,0,0,0,0,27,0,499,0,0,0,1,0,2,1,0,9,3,0,0,0,0,0,0,0,0,0,0,0,11,2,0,0,1,0,0,0,0,241,0,0,0,0,1,21,4,0,64,0,0,0,0,10,47,0,0,0,197,0,3,0,58,0,4,100,0,9,3,3,0,2,43,1,0,0,0,3,0,0,0,0,0,0,18,0,0,0,0,0,0,1,0,0,649,0,2,238,112,1,0,17,0,0,0,3,26,0,3,33,517,0,0,0,0
"M218",0,3,25,0,0,1,0,0,0,0,3,0,95,0,0,0,0,0,1,30,0,457,1,0,0,2,0,29,7,0,39,0,0,0,0,0,7,0,0,0,0,14,0,3,1,0,0,0,0,0,18,4,690,0,0,0,1,52,2,0,0,42,0,0,8,0,39,266,0,0,3,54,2,2,0,12,0,4,0,0,137,58,0,0,2,0,0,0,5,0,3,0,0,0,0,2,3,87,0,0,0,12,3,0,0,0,0,115,0,26,362,549,2,0,565,0,0,0,0,7,1,2,23,207,0,0,0,1
"M22",0,4,24,0,0,0,0,0,0,0,5,0,43,0,0,0,0,0,0,41,0,238,1,0,0,1,0,69,0,0,4,13,0,0,0,0,1,0,0,0,0,0,0,16,0,0,0,1,0,0,0,0,355,1,0,0,0,2,0,0,0,5,0,2,0,0,3,72,0,0,0,19,0,4,0,14,0,12,37,0,245,13,0,0,0,2,0,0,36,0,0,0,0,0,0,0,0,23,0,0,0,2,0,0,0,0,0,67,0,2,299,92,0,0,120,0,0,0,3,1,0,1,80,474,1,0,0,1
"M224",0,0,1,0,0,0,0,0,0,0,47,0,48,0,804,0,0,0,0,338,0,215,0,0,0,1,1,34,2,12,7,0,0,0,0,4,0,0,0,0,0,1,0,0,0,0,0,0,0,0,0,7,2779,0,0,0,0,0,1,0,0,7,0,0,0,0,1,149,0,0,0,2,1,13,0,30,0,1,4,0,3,5,0,0,0,0,0,0,0,0,0,0,0,0,0,1,0,25,0,0,0,0,0,0,0,0,0,48,0,4,209,46,1,0,4,0,0,0,1,1,0,0,0,70,1,0,0,0
"M23",0,0,39,0,0,0,0,0,0,0,0,0,32,0,14,0,0,0,0,11,0,521,0,0,0,0,0,7,0,0,2,9,0,0,0,0,0,0,0,0,0,0,1,55,1,0,0,0,0,0,0,0,64,5,0,0,1,2,3,0,0,55,0,1,0,0,37,42,0,0,0,205,0,3,0,63,0,3,81,0,7,2,2,0,0,0,24,0,4,0,0,0,0,0,0,0,0,15,0,0,0,4,0,0,0,0,0,404,0,0,62,77,0,0,137,0,0,0,1,0,0,0,777,514,0,0,0,0
"M24",0,23,119,0,0,0,0,0,0,0,1,0,112,0,0,0,0,0,2,22,0,77,0,0,0,6,0,6,5,0,3,6,0,0,0,0,1,0,1,0,0,0,0,22,0,0,0,2,0,0,3,0,152,0,0,0,0,0,0,1,0,7,0,0,1,0,8,2,0,0,8,198,0,1,0,88,0,14,35,0,94,0,0,0,0,0,7,0,1,0,0,0,0,0,0,0,0,0,0,0,0,7,0,0,0,0,0,406,0,0,257,144,0,0,292,0,0,0,1,5,0,3,260,548,0,0,0,1
"M25",0,0,0,0,0,0,0,0,0,0,0,0,56,0,0,0,0,0,0,0,0,379,0,0,0,1,1,5,2,0,0,3,0,0,0,0,0,0,0,0,0,0,0,95,0,0,4,0,0,0,0,0,138,0,0,0,0,0,4,4,0,15,0,0,0,1,17,367,0,0,0,83,0,0,0,60,0,878,77,0,12,3,0,0,0,8,4,0,0,0,0,0,0,0,0,12,0,6,0,0,0,2,0,0,0,0,0,176,0,22,105,147,0,0,245,0,1,0,2,0,1,0,108,394,0,0,0,0
"M253",0,0,19,0,0,0,0,0,0,0,0,0,27,1,0,0,0,0,0,1,0,1002,0,0,0,0,0,6,4,0,0,0,0,0,0,0,0,0,0,0,0,0,0,2,1,0,0,0,0,0,0,11,304,1,0,0,0,2,0,0,0,5,0,0,0,0,5,2754,0,0,0,4,1,0,0,8,0,9,2,0,54,58,0,0,0,0,0,0,0,0,0,0,0,0,0,0,0,386,0,0,1,0,0,0,1,0,0,56,0,44,51,33,0,0,8,0,0,0,1,1,0,1,3,102,0,0,0,2
"M26",0,0,110,0,0,0,0,0,0,0,1,0,51,0,0,0,0,0,0,15,0,58,0,0,0,1,1,32,5,0,14,17,0,0,0,0,0,0,0,0,0,0,0,7,0,0,0,0,0,0,1,0,167,0,0,0,0,0,0,0,0,1,0,0,0,0,0,8,0,0,24,181,0,3,0,190,0,14,3,0,16,2,0,0,0,0,0,0,1,0,0,0,0,0,0,0,0,1,0,0,0,2,1,0,0,0,0,244,0,1,265,226,1,0,42,4,0,0,0,6,0,2,22,520,0,0,0,0
"M262",0,0,4,0,0,0,0,0,0,0,0,0,30,0,1,0,0,0,0,2,0,2360,0,0,0,1,2,11,19,0,0,0,0,0,0,0,0,0,0,0,0,0,0,1,0,0,0,0,0,0,0,0,2104,0,0,0,1,5,0,0,0,1,0,0,0,0,1,21,0,0,0,11,0,0,0,11,0,0,0,0,35,1,0,0,0,0,2,0,0,0,0,1,0,0,0,1,0,1,0,0,0,0,0,0,0,0,0,88,0,0,69,24,0,0,19,0,0,0,0,168,0,0,12,83,0,0,0,0
"M265",0,0,26,0,0,0,0,0,0,0,0,0,21,0,1,0,0,0,0,23,0,1361,0,0,3,3,0,46,0,0,1,0,1,0,0,0,0,0,0,0,0,33,0,0,0,0,0,0,0,0,1,42,270,0,0,0,0,40,0,0,0,22,0,0,0,0,7,372,0,0,0,19,0,1,0,35,0,87,63,0,40,23,0,0,0,0,0,0,5,0,0,0,0,0,0,0,0,65,0,0,0,1,0,0,0,1,0,195,0,37,214,73,1,0,5,0,0,0,3,6,0,1,3,106,0,0,0,4
"M27",0,0,38,0,0,1,0,0,0,0,0,0,43,0,21,0,0,0,1,45,0,162,1,0,0,1,0,6,6,0,29,1,0,0,0,0,0,0,0,0,0,0,0,64,0,0,0,0,0,0,1,0,437,0,0,0,0,0,0,18,0,11,0,0,0,0,1,4,0,0,0,271,0,4,0,229,0,5,7,0,6,3,3,0,0,0,1,1,0,0,0,4,0,0,0,0,1,3,0,0,0,1,0,1,0,0,0,526,0,1,293,114,1,0,240,0,0,0,0,6,0,0,118,335,0,0,0,0
"M277",0,28,21,0,224,0,0,0,31,37,0,0,257,9,0,4,0,32,13,167,0,225,0,0,26,16,94,2,0,0,39,635,0,0,0,0,0,0,0,0,0,0,5,72,0,0,11,0,0,0,0,13,851,0,11,0,0,203,0,0,0,0,16,0,0,0,0,682,0,0,103,0,35,346,0,159,0,170,62,0,75,13,0,0,2,0,2,0,0,0,0,0,9,0,0,0,1,300,0,0,17,1,18,0,0,0,0,334,0,11,613,97,0,14,130,10,0,0,5,0,0,102,39,253,3,0,0,4
"M28",0,3,51,1,0,0,0,0,0,0,20,0,85,0,1,0,0,0,0,47,0,62,0,0,0,7,1,19,10,0,3,1,0,0,0,3,1,0,2,0,0,0,0,21,1,0,0,0,0,0,0,0,248,5,0,0,8,4,6,1,0,10,0,0,2,0,1,16,0,0,4,105,0,0,0,338,0,12,24,0,36,6,3,0,0,58,7,0,43,0,0,0,0,0,8,12,0,3,0,0,1,0,0,0,0,0,0,292,0,2,337,147,2,0,134,0,0,0,1,1,0,1,193,338,7,0,0,0
"M29",0,0,18,18,0,0,0,0,2,1,2,0,52,2,2,0,0,0,1,15,0,65,0,0,0,7,2,3,6,0,23,7,0,5,0,0,0,0,0,0,0,0,0,104,1,0,2,0,0,0,0,0,449,0,0,0,2,8,5,3,0,66,0,0,6,0,1,28,0,0,1,68,0,1,0,12,0,2,0,0,45,11,0,0,0,0,4,1,3,0,0,0,0,0,0,221,2,10,7,0,2,7,10,0,4,0,0,116,0,17,571,316,2,2,355,0,0,0,0,4,1,8,199,203,0,0,0,0
"M296",0,0,5,0,0,0,0,0,0,0,0,2,24,0,0,0,0,0,0,11,0,178,0,0,0,0,0,7,0,0,2,0,0,0,0,0,0,0,0,0,0,0,0,10,0,0,1,0,0,0,4,1,245,0,1,0,0,2655,5,0,0,16,0,0,7,0,3,26,0,0,0,35,0,0,0,0,0,0,19,0,9,0,0,0,26,0,1,0,0,0,0,0,0,0,0,0,0,3,0,0,1,1,2,0,0,5,0,33,0,1,88,175,0,0,262,0,0,0,0,2,0,1,17,86,0,0,0,5
"M3",0,0,93,0,0,0,0,0,0,1,12,0,108,0,92,0,0,0,0,67,0,958,0,0,0,36,0,52,6,2,13,3,0,0,0,0,0,0,0,0,0,0,0,7,0,0,0,0,0,0,7,1,356,6,0,0,0,0,0,0,0,22,0,0,0,0,16,44,0,0,0,155,0,10,0,121,0,50,216,0,67,4,0,0,0,9,1,0,2,0,0,0,0,0,0,0,0,3,0,0,0,3,0,1,0,0,0,359,0,2,441,211,0,0,60,0,0,0,12,9,0,5,16,468,1,0,0,0
"M30",0,0,229,0,0,0,0,0,0,0,526,0,25,0,225,0,0,0,0,10,0,12,0,0,0,0,4,16,0,4,2,1,0,0,0,7,0,0,0,0,0,0,1,0,0,0,0,1,0,0,0,0,27,0,0,0,0,0,0,0,0,1,0,0,0,0,0,1,0,0,0,367,3,3,0,0,0,0,11,0,11,1,0,0,0,0,0,0,0,0,0,0,0,0,0,0,0,1,0,0,0,0,0,0,0,0,0,1143,0,0,66,75,0,0,3,0,0,0,0,67,0,13,1,971,17,0,0,0
"M307",87,0,12,1,1,0,0,0,0,0,0,0,85,0,0,0,0,0,0,416,0,97,1,0,1,0,0,44,0,0,6,8,0,0,0,0,0,0,0,0,0,4,0,3,0,0,0,1,0,1,1,23,2201,0,0,0,13,8,0,1,0,0,0,0,0,1,1,95,0,1,0,4,7,9,0,7,0,10,56,0,4,23,0,0,0,0,0,1,0,0,0,2,0,1,0,491,0,26,0,0,0,8,1,0,0,0,1,18,0,3,249,416,0,1,457,0,0,0,3,5,0,8,2,301,1,2,8,0
"M31",0,0,27,0,0,0,0,0,0,0,0,0,30,0,7,0,0,0,3,13,0,173,1,0,0,0,0,59,1,1,47,7,0,0,0,1,0,0,0,0,0,0,0,89,1,0,0,0,0,0,0,0,435,0,0,0,0,0,2,15,0,11,0,0,0,0,6,86,1,0,3,115,3,3,0,6,1,63,6,0,15,18,0,0,0,0,12,0,0,0,0,0,0,0,0,1,0,9,0,0,0,10,1,1,0,0,1,431,0,1,788,387,0,0,612,3,0,0,0,5,0,10,425,299,0,0,0,0
"M311",0,1,57,0,0,0,0,7,0,2,0,0,45,0,36,0,0,0,1,40,0,559,1,0,0,2,0,76,2,0,5,1,0,0,0,0,0,0,0,0,0,2,0,1,2,0,0,0,0,0,7,0,770,0,0,0,0,2,59,0,0,24,0,0,0,0,17,97,0,0,0,263,0,2,0,288,0,55,1,0,24,72,3,0,0,0,0,0,8,0,0,1,0,0,0,2,2,88,1,0,0,1,0,0,0,2,0,367,0,59,407,586,2,0,226,0,0,0,0,30,0,0,16,245,0,0,0,0
"M313",0,1,32,0,0,0,0,0,0,0,1,0,55,0,2,0,0,0,0,10,0,126,1,0,0,1,0,170,2,0,1,0,0,0,0,0,0,0,0,0,0,0,0,0,0,0,0,0,0,0,4,0,188,0,0,0,0,1864,14,1,0,2,0,0,13,0,1,32,0,0,0,26,1,3,0,29,0,9,53,0,11,7,0,0,9,0,0,0,8,0,0,0,0,0,0,0,0,10,0,0,0,3,0,0,0,7,0,42,0,3,137,193,1,0,231,0,0,0,2,2,0,1,14,128,0,0,0,3
"M32",0,23,40,0,0,1,0,0,1,0,0,0,44,0,0,0,0,0,0,20,0,390,0,0,0,4,0,10,2,0,19,22,0,0,0,1,0,0,0,0,0,0,0,171,1,0,0,2,0,0,2,1,277,0,0,0,0,0,0,0,0,22,0,0,0,0,23,305,0,0,0,63,2,4,0,0,0,36,70,0,4,11,0,0,0,0,17,0,0,0,0,0,0,0,0,2,0,46,0,0,0,10,0,0,0,0,0,111,0,7,289,821,3,0,393,0,1,0,3,8,1,1,523,403,0,0,0,0
"M33",0,6,35,0,0,0,0,0,0,0,3,9,50,0,23,0,0,0,2,16,1,385,0,0,0,1,1,19,0,0,58,25,0,0,0,0,0,0,0,0,0,0,1,128,0,0,0,3,2,0,38,3,81,0,0,0,8,9,0,9,0,301,0,1,0,0,19,193,0,1,11,141,0,2,0,71,0,6,112,0,194,5,0,0,0,0,3,0,46,0,0,0,0,0,0,2,0,37,0,0,0,4,0,0,0,1,0,226,0,3,65,44,0,0,226,6,0,1,5,27,1,12,65,323,0,0,0,0
"M332",0,0,58,0,0,0,0,0,0,0,1,0,118,0,0,1,0,0,0,10,0,98,0,0,0,1,0,16,19,0,2,0,0,0,0,0,0,0,0,0,0,0,1,1,2,0,0,0,0,0,1,41,469,1,0,0,0,0,0,0,0,2,0,0,5,0,25,486,0,0,0,33,1,2,0,148,0,1,32,0,4,16,1,0,0,3,0,5,0,0,1,0,0,0,0,1,0,43,0,0,1,0,0,0,0,0,0,69,0,28,490,1381,0,0,7,0,0,0,0,4,0,3,4,413,0,0,0,4
"M34",0,0,54,0,0,0,0,0,0,0,5,3,54,0,3,0,0,0,2,3,0,89,0,0,0,1,2,24,2,0,11,7,0,0,0,0,1,0,0,0,0,0,1,75,0,0,0,2,1,0,1,0,255,0,0,0,2,0,0,2,0,12,0,0,0,0,4,24,0,0,0,74,0,4,0,49,0,10,0,0,188,1,0,0,0,0,2,1,0,0,0,0,0,0,0,0,0,6,0,0,1,2,0,0,0,0,0,687,0,0,83,80,0,0,117,5,0,0,0,3,0,6,63,1011,0,0,0,0
"M35",0,2,30,0,0,0,0,0,0,0,39,0,44,0,4,0,0,0,0,9,0,72,0,0,0,0,0,7,2,0,12,2,0,0,0,0,7,0,0,0,0,0,1,30,0,0,0,0,0,0,0,0,67,0,0,0,0,0,16,0,0,13,0,0,0,0,24,124,0,0,0,74,0,2,0,30,0,31,10,0,2839,6,9,0,0,9,1,0,4,0,0,0,0,0,0,0,0,30,0,0,0,0,0,0,0,0,0,296,0,6,147,70,0,0,62,0,4,0,0,9,1,0,23,654,5,0,0,0
"M36",0,0,51,0,0,1,0,0,0,0,0,0,55,0,2,0,0,0,0,61,0,241,1,0,0,0,0,28,3,0,6,1,0,0,0,0,0,0,0,0,0,0,0,1,0,0,0,0,0,0,0,1,202,0,0,0,0,1,363,0,0,26,0,0,0,0,19,202,0,0,2,337,0,1,0,116,0,12,0,0,19,20,0,0,0,0,0,0,0,0,0,0,0,0,0,0,0,77,0,0,0,0,2,0,1,0,0,515,0,8,161,133,1,0,13,0,0,0,0,16,0,3,7,882,0,0,0,0
"M367",0,0,41,0,0,0,0,0,0,0,8,0,14,0,40,0,0,0,0,7,0,761,0,0,0,0,1,157,3,2,3,0,0,0,0,0,0,0,0,0,0,0,0,3,0,0,0,0,0,0,0,0,161,7,0,0,0,6,0,0,0,0,0,0,0,2,7,733,0,0,0,30,0,5,0,66,0,4,18,0,2,6,2,0,0,0,1,0,0,0,0,0,0,0,0,8,0,50,0,0,0,2,0,0,0,0,0,315,0,16,184,129,0,0,19,0,1,0,0,0,2,1,18,216,1,0,0,0
"M37",0,0,25,0,0,0,0,0,0,0,10,0,122,0,348,0,0,0,2,74,0,1268,0,0,0,0,0,44,0,6,17,0,0,0,0,0,0,0,0,0,0,0,0,31,0,0,0,0,0,0,0,1,67,21,0,0,17,0,0,0,0,50,0,0,0,0,0,89,0,0,0,596,0,6,0,441,0,5,115,0,22,2,4,0,0,6,0,0,0,0,0,0,0,1,0,1,0,50,0,0,0,0,0,0,0,0,0,770,0,4,93,80,0,0,19,0,0,0,4,20,0,6,2,456,0,1,0,0
"M376",0,1,113,0,0,0,0,0,0,0,0,1,28,0,0,1,0,0,0,14,0,756,0,0,1,0,1,30,2,0,1,1,0,0,0,0,0,0,0,0,0,0,0,7,0,0,0,0,0,0,27,0,309,0,0,0,1,3,2,0,0,26,0,0,0,0,17,860,0,0,0,148,3,3,0,70,0,23,11,0,54,7,2,0,0,0,0,0,0,0,0,0,0,0,0,1,0,298,0,0,0,1,1,0,0,0,0,267,0,18,96,86,0,0,26,0,0,2,0,4,0,1,11,581,0,0,0,0
"M38",0,1,87,0,0,0,0,0,0,0,0,2,123,0,27,0,0,0,0,52,0,223,0,0,0,0,1,5,2,0,3,1,0,0,0,0,0,0,0,0,0,0,0,53,0,0,0,0,0,0,9,1,226,0,0,0,0,3,30,0,0,104,0,0,0,0,60,18,0,0,16,487,1,6,0,85,0,74,160,0,32,1,0,0,0,52,3,0,0,0,0,0,0,0,0,0,0,4,0,0,0,1,0,0,1,0,0,627,0,4,206,47,1,0,160,3,0,1,8,30,0,4,83,608,0,0,0,0
"M383",0,0,109,0,0,0,0,2,0,0,7,36,49,0,0,0,0,0,8,18,0,442,0,0,0,0,1,38,5,0,6,0,0,0,0,0,3,0,0,3,0,0,0,18,0,0,0,0,2,0,95,1,183,7,0,0,0,2,0,0,0,13,0,0,0,0,60,64,0,0,22,57,6,8,0,1,0,178,147,0,1168,2,3,0,0,10,2,1,1,1,0,0,0,0,0,6,0,18,0,0,12,0,0,0,0,0,0,452,0,5,358,95,0,0,31,1,1,1,4,23,0,13,34,287,2,1,0,1
"M39",0,0,0,0,0,0,0,0,0,1,2,0,17,0,32,0,0,0,0,2,0,120,0,0,0,2,0,30,0,1,0,0,0,0,0,0,0,0,0,0,0,0,0,6,0,0,0,0,1,0,0,0,32,0,0,0,0,0,5,0,0,28,0,0,0,0,3,90,0,0,0,83,0,11,0,0,0,24,48,0,5,0,0,0,0,0,0,0,0,0,0,0,0,0,0,11,0,5,0,0,0,1,0,0,0,0,0,653,0,1,84,47,1,0,16,0,0,0,0,2,0,1,3,567,2,0,0,0
"M392",0,0,88,0,0,2,0,0,0,0,1,0,47,0,6,0,0,0,0,37,0,320,0,0,0,0,1,145,1,0,6,1,0,0,0,2,0,0,0,0,0,0,0,4,0,0,0,0,1,0,2,0,507,0,0,0,3,0,9,4,0,40,0,0,0,0,4,279,0,0,2,331,1,4,0,97,0,7,3,0,129,5,1,0,0,0,1,0,0,0,0,0,0,0,0,3,0,81,0,0,0,1,1,0,1,0,0,919,0,7,385,112,0,0,53,2,0,0,0,78,1,3,38,506,0,0,0,0
"M396",0,0,0,0,0,0,0,0,0,0,45,0,42,0,0,0,0,0,0,0,0,31,0,0,0,2,3,0,0,0,5,0,0,1,0,0,5,0,1,23,0,0,0,0,0,0,0,0,0,0,0,0,17,0,0,0,0,0,0,0,0,1,0,0,0,0,11,0,0,0,547,162,0,0,1,0,0,0,0,0,1961,0,0,0,0,0,0,0,67,0,0,0,0,0,0,0,0,0,0,0,13,0,1,5,0,0,0,469,0,0,15,80,0,0,0,2,0,1,0,14,0,0,5,638,0,0,0,0
"M399",0,0,104,0,7,0,0,0,0,0,3,1,33,0,0,0,0,0,12,43,0,222,0,0,0,0,3,20,6,0,63,3,0,0,0,0,2,0,1,6,0,0,0,0,0,0,0,0,0,0,3,0,815,0,0,0,0,0,22,18,0,4,0,0,0,0,8,25,0,0,132,157,0,6,0,327,0,64,49,0,564,1,0,0,0,0,0,0,0,0,0,1,0,0,1,0,0,3,0,0,2,0,11,0,0,0,1,518,0,0,349,61,0,0,3,1,0,0,1,77,0,1,0,626,1,0,0,0
"M4",0,27,73,0,0,0,0,0,0,0,21,0,91,0,8,0,0,0,0,73,0,662,2,0,0,5,0,113,20,0,42,3,0,0,0,0,0,0,0,0,0,0,0,16,0,0,0,0,1,0,0,0,888,6,0,0,1,23,6,2,0,59,0,0,67,0,43,31,0,1,25,176,0,6,0,25,0,140,2,0,70,5,0,0,4,0,2,8,2,0,0,1,0,0,1,4,0,22,0,0,1,1,0,1,0,2,0,197,0,5,519,261,1,0,196,0,1,0,0,14,3,4,72,801,2,0,0,0
"M400",0,0,3,0,5,0,0,0,0,0,0,0,72,0,0,4,0,0,0,150,0,2319,2,0,0,26,7,6,0,0,2,20,10,0,0,0,0,0,0,0,0,0,0,5,0,0,0,0,0,0,0,0,1012,0,0,0,0,0,71,10,0,6,0,0,0,648,13,45,17,0,0,54,6,2,0,0,0,0,0,0,5,0,0,0,0,0,0,0,20,2,0,0,10,0,0,203,0,0,0,0,0,7,0,0,0,0,0,10,0,0,276,171,0,0,562,0,99,0,0,19,5,0,5,1010,0,0,0,1
"M41",0,0,26,1,0,0,0,0,0,2,0,0,82,0,0,1,0,0,0,25,0,276,0,0,0,4,0,34,3,0,64,4,0,0,0,19,0,0,0,0,0,0,0,47,1,0,1,0,1,0,1,1,320,0,0,0,1,0,75,3,0,50,0,0,1,0,17,150,0,0,9,323,1,4,0,89,0,80,40,0,12,15,0,0,0,0,1,0,3,0,0,0,0,0,0,1,0,20,0,0,0,3,2,0,1,0,0,604,0,2,519,415,6,0,146,0,0,0,0,10,0,2,90,850,0,0,0,1
"M42",1,0,40,0,0,0,0,0,0,0,0,0,29,0,0,0,0,0,0,4,0,13,0,0,0,4,0,2,6,0,0,12,0,0,0,0,0,0,0,0,0,0,0,63,0,0,0,3,0,0,0,0,163,0,0,0,0,1,73,0,0,7,0,0,2,0,2,10,0,0,0,56,0,0,0,9,0,564,11,0,4,0,0,0,0,0,9,0,4,0,0,0,0,0,0,0,0,3,0,0,0,2,0,0,0,0,0,151,0,0,271,126,0,0,238,0,1,0,0,5,0,0,353,162,0,0,0,0
"M428",0,5,107,0,0,0,0,0,0,0,16,0,210,0,3,0,0,0,0,96,0,87,1,0,0,1,0,104,0,0,5,0,0,0,0,0,0,0,0,8,0,1,0,17,0,0,0,0,1,0,0,0,198,0,0,0,7,1391,17,1,0,9,1,0,0,0,3,60,0,0,0,15,2,2,0,144,0,9,60,0,179,2,4,0,69,29,0,0,1,0,0,0,0,0,0,1,0,7,0,0,0,1,0,0,0,4,0,112,0,6,213,140,0,0,80,0,0,1,7,12,0,2,22,195,2,0,0,3
"M433",0,0,177,0,0,0,0,0,0,0,18,1,35,0,0,0,0,1,2,10,0,152,0,1,0,0,3,1,1,0,1,5,0,0,0,1,6,0,0,0,1,0,0,2,0,0,0,0,0,0,0,0,112,0,3,0,0,0,0,0,0,0,0,0,0,0,0,4,0,0,6,8,0,0,0,31,0,24,8,1,3224,0,0,0,0,0,0,0,0,0,0,0,0,0,0,0,0,2,0,0,1,0,0,0,0,1,0,56,0,0,113,18,0,0,1,0,0,0,1,14,0,5,0,70,0,0,0,0
"M44",0,0,101,0,0,0,0,0,0,0,13,0,104,0,14,0,0,0,0,35,0,21,0,0,0,5,0,63,5,0,20,3,0,0,0,0,0,0,0,0,0,0,0,56,0,0,0,0,0,0,0,1,169,0,0,0,2,3,115,1,0,17,0,0,2,0,2,1,0,0,0,145,0,8,0,208,0,19,5,0,2,1,0,0,0,0,8,0,5,0,0,0,0,0,0,7,0,0,1,0,0,14,0,0,0,0,0,385,0,5,343,225,0,0,728,0,0,0,1,8,0,0,340,643,0,0,0,0
"M45",0,0,263,0,0,0,0,0,0,0,54,0,47,0,33,0,0,0,0,14,0,198,0,0,0,0,1,8,0,0,1,0,0,0,0,0,2,0,0,0,0,0,0,4,0,0,0,0,0,0,3,0,98,3,0,0,1,0,0,2,0,12,0,0,0,0,24,55,0,0,0,85,0,0,0,165,0,15,118,0,709,3,0,0,0,0,0,0,35,0,0,0,0,0,0,0,0,11,0,0,0,0,0,0,0,0,0,418,0,0,104,46,0,0,19,0,0,0,2,6,0,3,2,373,2,0,0,0
"M46",0,0,108,0,0,0,0,0,0,0,0,0,15,0,4,0,0,0,0,6,0,171,0,0,0,0,0,2,0,0,11,3,0,0,0,0,0,0,0,0,0,0,0,19,0,0,0,0,0,0,4,0,246,0,0,0,1,0,0,0,0,24,0,0,0,0,0,13,0,0,0,24,0,0,0,85,0,0,1,0,39,2,0,0,0,0,0,0,2,0,0,0,0,0,0,0,0,3,0,0,0,0,2,0,1,0,0,11,0,0,19,7,0,0,19,0,0,0,0,2,0,0,9,127,0,0,0,0
"M461",0,0,41,0,0,1,0,0,0,0,0,1,67,0,0,0,0,0,2,36,0,1813,0,0,0,0,1,16,6,0,9,0,0,0,0,0,0,0,0,0,0,0,0,31,0,0,0,0,1,0,13,6,184,2,0,0,3,0,0,0,0,14,0,0,0,0,6,97,0,0,3,196,4,1,0,27,0,11,11,0,28,0,2,0,0,0,0,0,0,0,0,0,0,0,0,0,1,26,0,0,1,0,0,0,0,0,0,275,0,2,174,113,0,0,42,0,0,1,0,3,0,9,55,315,0,0,0,1
"M463",0,0,13,0,0,0,0,0,0,0,28,0,8,0,1171,0,0,0,0,0,0,17,0,0,0,0,0,1,0,13,0,0,0,0,0,0,9,0,0,0,0,0,0,0,0,0,0,0,0,0,0,0,2,0,0,0,0,3,0,1,0,0,0,0,0,0,0,8,0,0,0,20,0,3,0,20,0,1,1,0,4104,0,0,0,0,0,0,0,0,0,0,0,0,0,0,0,0,3,0,0,0,0,0,0,0,0,0,8,0,0,29,1,0,0,0,0,0,0,1,2,0,0,0,11,1,0,0,0
"M465",0,0,248,0,0,0,0,0,0,0,2,0,372,0,0,0,0,0,0,31,0,39,0,0,0,0,1,17,1,0,19,2,0,2,0,0,0,0,1,0,0,0,0,1,1,0,0,0,2,0,1,0,87,0,0,0,4,1,0,1,0,13,0,0,0,0,3,0,0,0,0,851,3,3,0,25,1,4,0,0,40,0,0,0,0,0,0,0,19,0,0,0,0,0,0,0,0,0,0,0,0,0,0,1,0,0,0,829,0,0,246,152,0,0,7,0,0,1,0,2,0,5,0,1193,0,0,0,0
"M466",0,0,27,0,0,0,0,0,0,0,0,0,95,0,0,0,0,0,0,107,0,591,0,0,0,2,0,81,0,0,5,3,0,0,0,0,0,0,1,0,0,0,1,1,0,0,0,0,0,0,3,0,2131,0,0,0,0,0,7,0,0,5,0,0,0,0,2,217,0,0,0,25,5,9,0,26,0,53,52,0,27,13,2,0,0,0,3,0,4,0,1,21,0,0,0,1,0,84,0,0,0,5,7,0,0,0,1,235,0,25,223,94,0,0,128,0,0,0,2,3,0,1,167,149,0,0,0,0
"M47",0,0,66,0,0,0,0,0,0,0,0,0,120,0,12,0,0,0,2,30,0,71,1,0,0,2,1,28,8,0,40,42,0,0,0,0,0,0,0,0,0,0,2,29,0,0,0,1,0,0,0,0,400,0,0,0,0,2,0,59,0,26,0,0,0,0,2,32,0,0,2,329,0,9,0,166,0,416,15,0,8,3,0,0,0,0,2,0,6,0,0,0,0,0,0,1,2,33,0,0,0,1,5,0,0,0,0,693,0,5,629,1055,0,0,43,0,0,0,1,15,0,5,67,656,0,0,2,0
"M470",0,0,153,0,0,0,0,0,1,0,40,0,228,0,0,0,0,0,1,81,0,380,0,0,0,3,0,615,8,0,19,4,0,0,1,0,0,0,0,0,0,0,0,7,0,0,0,4,0,0,2,0,222,0,0,0,0,32,4,0,0,5,0,0,0,0,1,38,0,0,1,51,4,4,0,155,0,60,113,0,24,12,1,0,0,9,0,0,1,0,0,0,0,0,0,0,0,3,0,0,0,1,0,0,0,0,0,54,0,3,1409,363,0,0,23,0,0,2,5,1,0,2,18,92,3,0,0,0
"M471",0,0,0,0,0,0,1,0,1,0,0,0,34,0,0,0,0,0,0,5,0,15,1,0,0,2,1,5,9,0,0,2,0,0,0,0,0,0,0,0,0,0,0,0,0,0,0,0,0,0,0,2,3654,0,0,0,0,1,0,0,0,0,0,0,0,0,0,24,0,0,0,0,10,9,0,0,0,2,161,0,1,1,0,0,0,0,0,0,1,0,0,0,0,0,0,2,0,4,0,0,0,44,2,0,0,0,0,4,0,0,126,195,0,0,2457,0,1,0,1,0,0,1,2,28,0,0,0,0
"M476",0,0,16,0,0,0,0,0,0,0,2,1,39,0,0,0,0,0,1,0,0,1546,0,0,0,2,0,21,0,0,4,0,0,0,0,0,8,0,0,0,0,0,0,1,0,0,0,0,0,0,7,0,36,0,0,0,0,24,1,0,0,2,0,0,0,0,3,263,0,0,30,51,0,0,0,0,0,0,0,0,68,8,0,0,0,0,0,0,3,0,0,0,0,0,0,1,0,62,0,0,1,0,0,0,0,0,0,384,0,5,19,76,0,0,55,0,0,0,0,74,0,8,22,277,0,0,0,0
"M48",0,0,63,0,0,0,0,0,0,0,24,0,63,1,2,0,0,0,1,60,0,420,1,0,2,8,1,73,2,0,1,13,0,0,0,0,0,0,1,0,0,0,0,107,1,0,0,0,2,0,2,2,996,0,0,0,0,0,0,3,0,27,0,0,0,0,0,254,0,0,2,129,1,3,0,163,0,131,71,0,68,17,0,0,0,0,7,0,0,0,1,0,0,0,0,1,0,29,0,0,0,10,7,0,0,0,0,633,0,5,334,121,0,0,610,0,0,2,2,6,0,5,145,318,2,0,0,0
"M481",0,0,0,0,0,0,0,0,0,0,13,0,11,2,592,0,0,0,0,166,0,20,1,0,0,0,1,2998,0,3,1,1,0,5,0,0,2,0,0,0,0,0,0,0,0,0,0,0,4,0,0,0,961,0,0,0,0,0,0,0,0,0,0,0,0,0,0,2,0,0,0,4,0,45,0,0,0,0,1,0,1600,0,0,1,0,0,0,0,1,0,0,1,0,0,0,0,0,0,0,0,1,0,0,1,12,0,0,1,0,0,163,4,0,0,1,0,0,0,1,4,0,4,0,75,3,0,0,0
"M49",0,0,141,0,0,0,0,0,0,0,15,0,24,0,369,0,0,0,0,31,0,36,1,0,0,2,0,35,4,3,1,1,0,0,0,0,0,0,0,0,0,0,0,7,0,0,0,0,0,0,0,1,155,0,0,0,0,0,156,1,0,15,0,0,0,0,13,31,0,0,4,190,0,5,0,162,0,286,26,0,27,1,0,0,0,0,0,0,0,0,0,0,0,0,0,1,0,4,0,0,0,1,0,0,0,0,0,519,0,3,202,79,1,0,16,0,0,0,1,4,0,0,4,2142,1,0,0,0
"M496",5,0,9,0,0,1,0,0,0,0,0,0,133,1,0,0,0,0,0,7,0,38,0,0,0,0,0,7,3,0,1,0,1,0,0,0,0,0,0,0,0,0,0,1,0,0,0,0,0,0,0,2,322,0,0,0,1,8333,0,0,0,25,0,0,2,69,3,90,0,0,0,6,3,1,0,0,0,3,2,0,2,0,0,0,60,0,0,0,2,0,0,0,0,0,0,10,1,5,0,0,0,0,2,0,0,10,0,24,0,30,768,105,0,0,7,0,1,1,0,2,2,0,1,118,0,0,0,2
"M499",0,0,221,0,0,0,0,0,0,0,52,5,27,0,113,0,0,0,0,1,0,130,0,0,0,0,0,54,0,0,17,0,0,0,0,2,6,0,0,0,0,0,0,0,0,0,0,0,0,0,9,0,13,0,0,0,1,0,0,0,0,17,0,0,0,0,2,175,0,0,0,96,0,0,0,37,0,0,72,0,2204,2,0,0,0,0,0,0,0,0,0,0,0,0,0,0,0,46,0,0,0,0,0,1,0,0,0,135,0,1,44,21,0,0,0,0,0,0,5,68,0,0,0,85,5,0,0,0
"M5",0,0,169,0,0,0,0,0,0,4,1,0,30,0,2,0,0,0,0,19,0,48,0,0,0,3,0,157,7,0,12,0,0,0,0,0,0,0,0,0,0,55,0,0,0,0,0,0,0,0,0,0,575,0,0,0,0,2,0,25,0,30,0,0,0,7,6,2,0,0,0,218,0,8,0,4,0,1522,16,0,0,0,1,0,1,0,0,0,0,0,0,1,0,0,0,4,0,1,0,0,0,0,0,0,0,0,0,2020,0,6,240,209,1,0,1,0,0,0,0,70,2,1,1,502,0,0,0,0
"M50",0,0,44,0,0,0,0,0,0,1,0,0,31,0,1,0,0,0,0,44,0,88,2,0,0,5,0,31,6,0,3,9,0,0,1,0,0,0,0,0,0,0,0,84,2,1,0,0,0,0,0,0,443,0,0,0,0,0,0,2,0,10,0,0,1,0,3,15,0,0,0,189,0,12,0,40,0,61,7,0,8,2,0,0,0,0,2,1,0,0,0,0,0,0,0,0,1,7,0,0,0,2,0,1,0,0,0,1062,0,4,405,381,2,0,274,0,0,0,0,11,0,0,93,546,0,0,0,0
"M505",0,2,122,0,0,0,0,0,0,0,20,2,25,0,41,0,0,0,0,12,0,484,0,0,0,0,0,28,7,1,7,0,0,0,0,0,0,0,0,0,0,0,0,2,0,0,0,0,0,0,4,0,81,1,0,0,0,7,1,1,0,12,0,0,0,0,6,252,0,0,0,67,2,1,0,23,0,11,0,0,515,7,0,0,1,0,0,0,1,0,0,0,0,0,0,0,0,63,0,0,1,0,0,0,0,0,0,147,0,4,54,51,0,0,23,0,0,0,0,2,0,7,7,385,1,0,0,0
"M506",0,0,74,0,0,0,0,0,0,0,0,1,47,0,0,0,0,0,0,32,0,894,0,0,0,0,0,157,8,0,8,0,0,0,0,0,2,0,0,0,0,0,0,2,0,0,0,0,0,0,4,5,117,2,0,0,0,1,0,0,0,39,0,0,0,0,8,281,0,0,1,139,3,2,0,266,0,56,40,0,36,11,0,0,1,0,0,0,0,0,0,0,0,0,0,0,0,66,0,0,0,1,0,0,2,0,0,348,0,10,137,73,0,0,18,0,0,1,2,7,0,7,15,659,0,0,0,0
"M509",0,0,69,0,0,0,0,0,0,0,10,0,49,6,0,0,0,0,2,16,0,127,2,0,0,0,3,66,0,0,1,7,0,0,0,0,4,0,0,0,1,0,0,3,0,0,0,0,0,0,9,0,3486,0,0,0,1,0,0,0,0,4,0,0,0,0,7,6,2,0,13,52,2,9,1,45,0,2,9,0,866,0,0,0,0,0,2,0,114,0,0,0,0,0,0,19,0,5,0,0,1,0,0,0,0,0,2,96,0,0,107,33,0,0,62,2,0,1,0,7,0,24,60,464,0,0,0,0
"M51",0,3,43,0,0,0,0,0,0,3,1,0,72,0,0,0,0,0,1,148,0,102,0,0,0,0,0,38,2,0,11,10,0,0,0,0,0,0,0,0,0,2,0,27,0,0,0,0,0,0,0,0,543,0,0,0,0,0,0,0,0,13,0,0,0,0,3,112,0,0,13,178,0,8,0,151,0,87,20,0,11,6,0,0,0,10,0,0,0,0,0,0,0,0,0,0,0,32,0,0,0,2,1,0,0,0,0,466,0,4,343,90,0,0,127,1,0,0,0,9,0,0,57,569,0,0,0,0
"M516",0,1,98,0,0,0,0,0,0,19,3,0,61,0,0,1,0,0,0,63,0,372,2,0,5,1,0,54,17,0,7,0,0,0,0,0,0,0,0,0,0,0,0,4,7,0,0,0,2,0,45,27,641,0,0,0,1,14,1,3,0,60,0,0,0,0,13,467,0,0,1,67,3,1,0,168,0,378,131,0,52,13,0,0,0,0,0,0,1,0,36,0,0,0,0,2,0,91,0,0,0,0,0,0,0,1,0,857,0,3,437,154,7,0,50,0,0,0,6,2,2,2,11,672,0,0,0,3
"M517",0,1,131,0,0,0,0,1,0,0,0,0,32,0,1,0,0,0,0,5,0,291,0,0,3,1,0,29,1,0,1,0,0,0,0,0,1,0,0,0,0,0,0,1,0,0,0,0,0,0,4,0,85,8,0,0,1,38,0,0,0,68,0,0,0,0,10,250,0,0,0,176,1,0,0,568,0,41,27,0,14,2,0,0,0,0,0,0,2,1,0,0,0,0,0,1,0,102,0,0,0,1,0,0,0,0,0,623,0,8,42,74,0,0,35,0,0,0,3,10,0,0,43,556,0,0,0,0
"M518",0,0,12,1,0,0,0,0,1,0,2,0,49,1,6,0,0,0,0,29,0,935,3,0,9,2,1,70,15,0,3,0,1,0,0,0,0,0,2,0,0,0,0,0,1,0,0,0,0,0,0,10,645,0,0,0,7,26,0,0,0,68,0,0,0,0,36,423,0,0,0,76,1,10,0,145,0,19,4,0,9,10,0,0,1,0,0,0,0,0,0,1,0,0,0,67,0,154,0,0,0,0,0,0,1,0,0,571,0,17,431,122,0,0,3,0,4,1,0,38,0,3,0,922,0,0,0,1
"M52",0,2,83,0,0,0,0,0,0,0,43,0,45,0,23,0,0,0,0,4,0,150,0,0,0,0,1,11,0,0,7,11,0,0,0,18,2,0,0,0,0,0,0,66,0,1,0,0,0,0,5,0,63,1,0,0,1,12,0,0,0,12,0,0,0,0,17,37,0,0,45,260,1,3,0,30,0,31,68,0,1480,3,0,0,0,0,3,0,9,0,0,0,0,0,0,6,0,7,0,0,2,1,3,0,0,0,0,302,0,0,56,24,0,0,104,10,0,0,2,20,0,4,168,491,4,0,0,1
"M526",0,0,64,0,0,0,0,0,0,0,6,0,144,0,1,0,0,0,0,1,0,236,0,0,0,0,0,32,0,0,60,0,0,0,0,7,1,0,0,0,0,0,0,4,0,0,0,0,0,0,22,0,5,0,0,0,3,27,0,0,0,69,0,0,0,0,3,96,0,0,1,213,0,0,0,129,0,0,0,0,790,1,0,0,0,0,1,0,1,0,2,0,0,0,0,1,0,12,0,0,0,0,0,0,0,0,0,487,0,0,37,10,0,0,10,0,0,0,0,20,0,2,50,618,0,0,0,0
"M53",0,0,12,0,0,0,0,0,0,0,2,1,131,0,0,0,0,0,5,48,0,163,0,0,0,1,0,117,2,0,21,37,0,0,1,0,0,0,0,0,0,0,0,150,1,1,0,15,0,0,0,0,503,0,0,0,0,0,414,6,0,4,0,0,1,0,3,26,0,0,117,32,0,9,0,8,0,23,145,0,224,2,0,0,0,0,20,0,0,0,0,0,0,0,0,0,0,14,0,0,1,12,0,0,0,0,0,58,0,0,274,171,0,0,1209,1,0,0,3,1,0,6,557,45,1,0,0,0
"M530",0,0,46,0,0,0,0,0,0,0,31,0,30,0,0,0,0,0,0,1,0,776,0,0,2,2,1,19,2,0,0,0,0,0,0,0,10,0,0,5,0,0,0,1,0,0,1,0,0,0,0,1,114,0,0,0,2,1,0,0,0,1,0,0,0,0,8,27,0,0,32,85,0,0,1,39,0,1,27,0,2344,0,0,0,0,0,0,0,98,0,0,0,0,0,0,0,0,3,0,0,4,0,0,0,0,0,0,110,0,1,44,42,0,0,2,1,0,0,1,8,0,2,6,451,2,0,0,0
"M531",0,0,342,0,0,0,0,0,0,0,23,0,42,0,0,0,0,0,0,1,0,188,0,0,2,0,2,47,0,0,1,0,0,0,0,0,5,0,0,1,0,0,0,0,0,0,0,0,0,0,2,0,52,0,0,0,0,0,0,0,0,6,0,0,0,0,0,12,0,0,16,158,0,0,0,0,0,0,0,0,2588,0,0,0,0,0,0,0,21,0,0,0,0,0,0,0,0,0,0,0,2,1,0,0,0,0,0,229,0,0,7,16,0,0,3,0,0,0,0,7,0,2,4,280,1,1,0,0
"M54",0,0,177,0,0,0,0,1,0,0,18,1,13,0,122,0,0,0,2,1,0,367,0,0,0,1,0,44,1,1,12,3,0,0,0,0,0,0,0,0,0,0,0,18,0,0,0,0,0,0,6,3,51,0,0,1,4,2,0,0,0,56,0,0,0,0,2,650,0,0,0,23,0,8,0,0,0,22,0,0,122,5,0,0,0,0,5,0,0,0,0,0,0,0,0,0,0,108,1,0,0,2,0,0,0,0,0,444,0,21,32,106,0,0,175,0,0,0,0,36,0,1,173,296,4,0,0,1
"M544",0,0,95,0,0,0,0,0,0,0,1,0,12,0,0,0,0,0,0,3,0,378,0,0,0,0,1,37,0,0,0,0,0,0,0,0,0,0,0,0,1,0,0,8,0,0,0,0,0,0,2,0,39,0,0,0,7,6,0,0,0,4,0,1,0,0,3,1855,2,0,0,85,0,0,0,150,0,0,11,0,168,27,0,0,0,0,0,0,0,0,0,0,0,0,0,0,0,638,0,0,0,0,0,0,1,0,0,342,0,14,38,14,0,0,31,0,0,0,1,83,0,1,14,380,1,0,0,0
"M546",0,0,42,0,0,2,0,0,0,0,2,0,20,0,0,0,0,0,3,28,0,451,0,0,0,0,3,103,6,0,8,0,0,0,0,1,4,0,0,0,1,0,1,1,0,0,0,0,1,0,9,0,207,0,0,0,1,0,1,0,0,6,0,0,0,0,46,28,0,0,3,268,1,0,0,0,0,4,1,0,683,5,0,0,0,0,0,0,3,0,0,0,0,0,0,1,0,6,0,0,0,0,0,0,1,0,0,566,0,2,131,66,0,0,17,0,0,1,0,73,0,6,2,914,2,0,0,0
"M548",3,0,77,0,7,1,0,0,0,3,0,1,127,0,0,0,0,0,1,8,0,484,0,0,0,1,0,29,0,0,3,5,0,0,0,0,0,0,0,0,0,0,0,0,0,0,0,0,1,0,5,96,279,0,0,0,0,1582,0,0,0,12,0,0,4,0,8,160,0,0,0,20,5,3,0,33,0,112,9,0,8,32,0,0,16,0,0,0,0,3,1,0,0,0,0,4,1,82,0,1,1,5,0,0,0,4,0,42,0,9,827,608,0,0,240,0,1,0,0,3,11,0,1,159,1,0,0,8
"M549",0,2,12,0,0,0,0,0,0,0,3,0,13,0,0,0,0,0,0,2,0,249,0,0,3,0,1,6,0,0,0,3,0,0,0,0,1,0,0,0,0,0,0,0,0,0,0,0,1,0,11,0,22,0,0,0,0,1045,0,0,0,16,0,0,0,0,1,2310,0,0,0,12,1,0,0,6,0,0,0,0,461,15,0,0,3,0,0,0,0,0,3,0,0,0,0,1,0,896,0,0,11,0,0,0,2,4,1,169,0,35,17,7,0,0,1,0,0,0,0,8,0,10,0,55,0,0,0,1
"M55",2,0,36,1,0,0,0,0,0,0,6,1,45,0,3,0,0,0,11,90,0,60,1,0,0,1,1,254,1,0,18,1,0,0,0,0,3,0,0,5,0,0,0,110,0,0,0,0,0,0,9,1,694,0,0,0,0,1,0,0,0,15,0,0,0,0,0,37,0,0,60,62,1,4,0,36,0,5,0,0,1128,3,0,0,0,15,4,0,0,0,0,0,0,0,0,0,0,10,0,0,1,2,1,0,0,0,0,164,0,0,112,20,0,0,72,6,0,0,0,8,0,8,97,131,1,0,0,0
"M550",0,0,77,2,0,0,0,0,0,0,6,0,95,0,0,0,0,0,0,0,0,579,0,0,0,1,0,4,0,0,7,3,0,0,0,0,0,0,0,0,0,0,0,5,0,0,0,0,0,0,0,0,40,0,0,0,15,0,0,0,0,7,0,0,0,0,0,10,0,0,0,219,0,1,0,0,0,1,0,0,301,0,0,0,0,0,0,0,0,0,0,0,0,0,0,0,0,1,0,0,1,0,0,0,1,0,0,409,0,0,41,13,0,0,1,0,0,0,0,106,0,0,8,908,1,0,0,0
"M554",0,0,57,0,0,1,0,0,1,0,2,0,46,0,0,0,0,0,0,9,0,302,0,0,1,0,0,63,3,0,4,2,0,0,0,0,0,0,0,0,0,0,0,0,0,0,0,0,0,0,3,15,577,0,0,0,0,5,0,0,0,6,0,0,0,0,4,1252,0,0,0,59,1,0,0,0,0,329,0,0,19,51,0,0,0,0,0,0,1,0,0,0,0,0,0,1,1,589,0,0,0,0,1,0,1,1,0,111,0,47,391,299,0,0,7,0,0,0,0,3,0,0,1,371,0,0,0,1
"M559",0,0,466,0,2,0,0,0,0,0,5,0,51,0,56,0,0,0,1,45,1,1653,0,0,0,2,2,599,12,1,7,16,0,0,0,0,2,0,0,0,0,0,0,51,0,0,0,0,0,0,7,0,1793,0,0,0,2,9,1,0,0,21,0,0,0,0,11,292,0,0,1,174,1,5,0,0,0,23,50,0,637,8,0,0,0,0,3,0,1,0,0,0,0,1,0,1,0,60,0,0,3,3,0,0,1,0,0,807,0,18,457,53,0,0,103,2,0,0,5,30,1,8,309,1494,2,0,0,1
"M56",0,0,413,0,0,1,0,0,0,2,0,2,253,0,68,0,0,0,4,151,0,115,0,0,0,1,0,190,7,0,52,18,0,0,0,0,0,0,0,0,0,0,0,16,0,0,0,1,0,0,4,0,341,0,0,0,0,1,3,8,0,3,0,0,0,0,1,4,0,0,0,141,1,7,0,108,0,377,67,0,9,0,0,0,0,6,2,0,1,0,0,0,0,0,0,0,0,2,0,0,0,3,0,0,1,0,0,539,0,2,471,255,0,0,203,0,0,0,1,8,0,3,70,200,0,0,0,0
"M560",0,0,2,0,2,0,0,0,0,1,0,0,28,0,0,3,0,0,0,136,0,74,1,0,0,4,2,31,9,0,3,4,0,0,0,0,0,0,0,0,1,0,0,2,2,0,0,0,0,0,1,0,1917,0,0,0,0,0,189,2,0,0,0,0,0,105,1,75,5,0,0,8,0,5,0,0,0,115,0,0,1,4,0,0,0,0,0,0,1,5,0,0,0,0,0,5,1,25,2,0,0,48,0,0,0,0,0,30,0,25,590,179,20,0,4702,0,43,0,0,3,2,0,11,77,0,0,0,0
"M562",0,0,134,0,0,0,0,0,0,0,18,0,93,0,219,0,0,0,0,37,0,354,0,0,0,3,2,56,0,1,4,0,0,0,0,0,2,0,0,0,0,0,0,5,0,0,0,0,0,0,9,0,80,0,0,0,2,0,1,1,0,49,0,0,0,0,0,20,0,0,0,166,0,6,0,0,0,2,10,0,996,1,0,0,0,0,1,0,6,0,0,0,0,0,0,0,0,2,0,0,0,0,0,0,0,0,0,222,0,2,80,89,0,0,1,0,0,0,1,275,0,3,31,627,1,0,0,0
"M568",0,0,23,0,0,0,0,0,0,0,12,2,7,1,0,0,0,0,1,2,0,540,0,0,0,2,1,22,0,0,0,0,0,1,0,2,3,0,0,0,0,0,0,0,0,0,0,0,0,0,141,0,37,0,0,0,21,4,0,0,0,14,0,1,0,0,5,5,1,0,0,80,2,0,0,0,0,0,0,0,1572,0,0,0,0,0,0,0,1,0,0,0,0,0,0,23,0,4,0,0,0,0,0,0,2,0,1,219,0,1,6,12,0,0,1,0,1,0,0,6,0,2,0,1161,0,0,0,0
"M569",0,1,193,0,0,0,0,0,1,0,17,3,39,3,2,0,0,0,0,6,0,623,0,0,28,0,0,37,1,0,3,0,0,0,0,0,2,0,0,0,0,0,0,0,0,0,0,0,0,0,34,0,210,0,0,0,0,5,63,0,0,3,0,0,0,0,1,1143,0,0,7,81,0,2,0,0,0,0,3,0,1581,78,0,0,0,0,0,0,4,0,0,0,0,0,0,4,0,494,0,0,0,0,0,0,0,0,0,145,0,12,33,21,0,0,4,0,0,2,17,6,0,1,32,135,2,0,0,0
"M572",0,0,16,0,0,0,0,0,0,0,2,0,0,0,0,0,0,0,0,1,0,1237,0,0,0,0,0,1,0,0,0,2,0,0,0,0,0,0,0,0,0,0,0,0,0,0,0,0,0,0,0,0,95,0,0,0,0,36,0,0,0,0,0,0,0,0,0,7326,0,0,0,1,0,0,0,0,0,0,0,0,17,18,0,1,0,0,0,0,0,0,0,0,0,0,0,1,0,475,0,0,0,0,0,0,0,0,0,22,0,76,8,6,0,0,0,0,0,1,0,0,0,2,0,54,0,0,0,0
"M575",125,0,32,0,0,1,0,0,0,0,2,0,101,0,0,0,0,0,0,23,0,83,0,0,2,0,1,35,3,0,0,8,0,0,0,0,0,0,0,0,0,1,0,1,0,0,0,0,1,0,1,0,271,0,0,0,1,1320,546,2,0,11,0,0,36,0,2,149,0,0,4,21,2,8,0,47,0,11,3,0,5,3,1,0,8,1,0,0,43,0,0,0,0,0,0,2,0,166,0,0,3,17,0,0,0,3,0,39,0,13,270,270,0,0,1544,0,1,0,0,2,0,2,17,66,0,1,0,1
"M58",0,0,150,0,3,0,0,0,0,1,0,0,78,0,51,0,0,0,0,55,0,71,0,0,0,2,0,311,2,0,15,8,0,0,0,0,0,0,0,0,0,0,0,4,0,0,0,1,0,0,0,0,378,0,0,0,0,0,0,2,0,5,0,0,0,0,3,32,0,0,1,88,0,14,0,46,0,52,30,0,0,2,0,0,0,1,6,0,0,0,0,0,0,0,0,0,0,23,0,0,0,1,0,0,0,0,0,183,0,1,434,103,1,0,37,0,0,0,0,3,0,0,396,153,1,0,0,0
"M581",0,0,28,0,0,0,0,0,0,0,21,1,37,0,10,0,0,0,1,36,0,1363,0,0,0,0,2,294,12,0,11,0,0,0,0,0,3,0,0,0,0,0,0,0,0,0,0,0,4,0,76,0,606,0,0,0,0,0,3,0,0,2,0,0,0,16,3,393,0,0,0,10,0,1,0,151,0,0,109,0,1405,118,0,0,0,0,0,0,0,1,1,0,0,0,0,8,0,136,0,0,4,1,0,0,2,0,1,56,0,12,331,34,0,0,4,0,3,0,5,21,1,1,2,97,2,0,0,0
"M583",0,0,28,0,0,0,0,0,0,0,15,2,22,0,136,0,1,0,0,44,0,215,0,1,0,0,1,292,0,1,1,3,0,0,0,1,2,0,0,0,0,0,0,0,0,0,0,0,1,0,5,0,357,0,0,0,0,1,0,0,40,0,0,2901,0,0,1,270,0,0,2,3,1,2,0,2,0,0,227,1,209,4,0,0,0,0,0,0,0,0,0,0,0,0,0,4,0,74,0,0,1,0,0,0,0,0,0,14,0,13,179,4,0,0,4,0,2,0,5,4,0,2,0,28,0,0,0,0
"M584",0,0,67,0,0,0,0,0,0,1,4,0,19,0,0,0,0,0,0,11,0,547,0,0,4,0,2,25,12,0,9,0,0,0,0,2,0,0,0,0,0,0,0,3,0,0,0,0,0,0,1,0,305,0,0,0,0,8,0,0,0,14,0,0,0,0,4,1413,0,0,0,52,2,2,0,0,0,8,0,0,299,283,0,0,0,0,0,0,6,0,1,0,0,0,1,8,0,209,0,0,0,2,0,0,0,0,0,593,0,38,337,42,0,0,62,0,0,1,0,1,1,2,8,279,0,0,0,1
"M585",0,0,0,1,0,0,0,0,0,0,51,0,9,0,0,0,0,0,0,0,0,25,0,0,0,0,0,0,0,0,0,1,0,0,0,0,40,0,0,0,0,0,0,0,0,0,0,0,0,0,0,0,183,0,0,0,24,1,0,0,0,4,0,0,0,0,2,1,0,0,0,205,0,0,0,43,0,0,2,0,2629,0,0,0,0,0,0,0,0,0,0,0,0,0,0,0,0,2,0,0,0,0,0,0,0,0,0,201,0,0,15,3,0,0,0,0,0,0,0,0,0,0,1,425,3,0,0,0
"M586",0,0,0,0,0,0,0,0,0,0,167,0,16,0,325,0,0,0,3,2,0,15,0,0,0,0,0,9,0,2,0,4,0,0,0,1,42,0,0,0,0,0,1,0,0,0,0,0,0,0,2,0,42,0,0,0,0,0,0,0,0,0,0,0,0,0,0,2,0,0,10,70,2,3,0,0,0,8,0,0,3628,0,1,0,0,0,0,0,6,0,0,0,0,0,0,0,0,0,0,0,2,0,0,0,2,0,0,26,0,0,35,2,0,0,6,7,0,0,0,12,0,4,0,112,6,0,0,0
"M588",0,4,15,0,0,0,0,0,0,0,55,0,41,0,0,1,0,0,0,2,0,123,0,0,0,0,0,12,5,0,0,1,0,0,0,0,0,0,0,0,0,0,0,2,0,0,0,0,0,0,0,17,149,0,0,0,0,10,4,0,0,8,0,0,0,6,0,1519,0,0,0,33,0,0,1,0,0,0,4,0,92,22,0,0,0,0,0,0,242,0,0,0,0,0,0,0,0,548,0,0,0,0,0,3,0,0,0,857,0,104,42,14,0,0,0,0,1,0,2,32,0,1,12,169,3,0,0,2
"M59",0,0,89,0,0,0,0,0,0,0,119,0,63,0,435,0,0,0,0,100,0,163,2,0,0,3,0,118,1,5,10,0,0,0,0,0,0,0,0,0,0,0,0,13,0,0,0,0,0,0,0,1,447,5,0,0,0,0,0,0,0,5,0,1,0,0,3,21,0,0,4,48,1,26,0,46,0,81,54,0,74,1,0,0,0,0,2,0,2,0,0,0,0,0,0,0,0,3,0,0,0,3,0,0,0,0,0,181,0,0,647,136,0,0,74,0,0,2,3,6,0,1,51,252,6,0,0,0
"M590",0,0,10,0,0,0,0,0,1,0,0,0,9,0,0,0,0,0,1,2,1,148,5,1,0,0,0,2,0,0,0,1,0,0,0,0,0,0,0,0,0,0,0,0,0,0,0,0,0,0,2,0,2620,0,0,0,1,0,0,0,0,2,0,0,0,0,5,126,0,0,0,4,1,0,0,0,0,15,36,0,95,1,0,0,0,0,1,0,2,0,0,0,0,0,0,4,0,25,0,0,1,0,0,1,0,0,1,14,0,5,116,15,0,0,0,0,0,0,0,4,0,0,39,228,0,0,0,0
"M592",0,0,0,0,0,0,0,0,0,0,1702,0,4,0,395,0,0,0,0,69,0,1,0,0,0,0,0,512,0,5,6,0,0,0,0,1,1,0,0,0,0,0,0,0,0,0,0,0,0,0,0,0,55,0,0,0,0,0,0,0,0,0,0,0,0,0,0,0,0,0,1,269,0,12,0,0,0,1,0,0,225,0,0,0,0,0,0,0,6,0,0,0,0,0,0,0,0,0,0,0,0,0,0,4,0,0,0,11,0,0,49,7,0,0,0,0,0,0,0,1,0,6,0,244,38,0,0,0
"M594",0,0,0,0,0,0,0,0,1,0,86,0,10,0,0,0,0,0,1,0,0,8,0,0,0,0,0,2,0,0,1,7,0,0,0,0,48,0,0,0,0,0,0,0,0,0,0,0,0,0,1,0,2,0,0,0,0,3,0,0,0,0,0,0,0,0,0,0,0,0,9,21,0,0,0,0,0,0,0,0,3229,0,0,18,0,0,0,0,0,0,0,0,0,0,0,0,0,0,0,0,0,0,0,0,0,0,0,3,0,0,22,0,0,0,0,0,0,0,0,23,0,0,0,34,5,0,0,0
"M599",0,53,0,0,0,0,0,0,0,0,20,8,13,0,1,0,0,0,3,0,0,1,0,0,0,0,3,0,0,0,0,0,0,0,0,390,4,0,0,0,0,0,0,0,0,0,0,0,0,0,43,0,0,0,0,0,0,5473,0,0,0,0,0,0,0,0,0,18,0,0,17,0,0,0,5,0,0,0,0,0,119,0,0,0,59,0,0,0,85,0,0,0,0,0,0,0,0,4,0,0,4,0,0,0,0,58,0,0,0,2,37,0,0,0,0,0,0,0,0,0,0,3,0,0,6,0,0,11
"M6",0,0,164,0,0,0,0,0,0,0,1,0,112,0,0,0,0,0,3,44,0,250,3,0,0,3,16,22,4,0,30,3,0,0,0,0,0,0,0,0,0,0,0,1,2,0,0,0,0,0,1,0,488,0,0,0,5,0,1,4,0,34,0,0,0,0,7,10,0,0,43,567,0,1,0,380,0,33,32,0,33,0,0,0,0,0,0,0,0,0,0,0,0,0,0,0,0,1,0,0,0,0,0,0,1,0,0,805,0,0,678,145,0,0,1,12,0,1,2,10,0,1,2,719,0,1,0,1
"M60",0,0,70,0,1,0,0,0,0,0,24,0,19,0,3755,0,0,0,1,7,0,49,1,0,0,0,5,33,0,29,2,0,0,0,0,0,7,0,0,0,0,0,0,35,0,0,0,0,0,0,0,0,10,0,0,0,0,3,0,0,0,13,0,0,0,0,0,201,0,0,0,1,0,24,0,31,0,0,3,0,1606,3,0,0,0,0,0,0,0,0,0,0,0,0,0,0,0,32,0,0,0,0,0,0,0,0,0,15,0,5,50,10,0,0,16,0,0,0,0,9,0,2,23,36,3,0,0,0
"M600",0,9,1,0,0,0,0,0,0,0,49,0,8,6,17,0,0,0,7,1,0,114,0,0,0,0,0,25,0,0,2,0,0,0,0,0,13,0,0,0,0,0,0,3,0,0,0,0,0,0,0,0,61,1,0,0,1,3,0,0,0,3,0,0,0,0,5,330,0,0,14,251,0,1,0,0,0,1,7,0,1742,2,0,0,0,0,0,0,1,0,0,0,0,0,0,0,0,66,0,0,3,0,0,2,2,0,0,141,0,12,33,6,0,0,4,10,0,0,0,41,0,2,1,332,3,0,0,0
"M601",0,6,135,0,0,0,0,0,0,0,17,0,80,0,2,0,0,0,3,2,0,3350,0,0,4,2,0,18,0,0,5,0,0,0,0,0,11,0,0,0,0,0,0,0,0,0,0,0,0,0,405,0,47,0,0,0,3,2,0,0,0,26,0,0,0,0,1,395,0,0,1,18,0,0,0,0,0,1,14,0,3058,0,0,0,0,0,0,0,0,0,0,0,0,0,0,1,0,23,0,0,7,0,0,1,0,0,0,104,0,11,40,27,0,0,1,0,0,0,2,206,0,0,1,151,8,1,0,0
"M603",0,1,0,0,0,0,0,0,0,0,1,0,14,0,124,0,0,0,1,2,0,94,1,0,0,0,0,6,1,0,6,0,0,0,0,7,0,0,0,0,0,0,0,2,0,0,0,0,0,0,0,0,182,0,0,0,1,1,0,8,0,12,0,0,0,7,0,0,0,0,0,73,0,1,0,0,0,5,0,0,232,0,0,0,0,0,0,0,15,0,0,0,0,0,0,3,0,0,0,0,1,0,0,0,0,0,0,114,0,0,78,22,0,0,8,0,0,0,0,10,0,1,19,186,0,0,0,0
"M605",0,0,110,0,0,0,0,0,0,0,5,1,38,0,0,0,0,0,10,0,0,2050,0,0,0,1,1,0,0,0,0,0,0,0,0,0,1,0,0,0,0,0,0,0,0,0,0,0,1,3,25,0,9,0,0,0,40,0,9,0,0,118,0,4,0,0,12,1085,0,0,0,150,1,0,0,0,0,0,0,0,534,3,0,0,0,0,0,0,0,0,0,0,0,0,0,7,0,246,0,0,2,0,0,0,0,0,0,1214,0,7,17,19,0,0,2,0,0,0,0,101,0,7,4,3152,0,0,0,0
"M606",0,0,255,0,0,0,0,0,0,0,23,0,9,0,52,0,0,0,0,4,0,292,1,0,0,1,0,118,1,0,1,0,0,0,0,1,2,0,0,0,0,0,0,0,3,0,0,0,0,0,2,0,76,0,0,0,0,0,0,0,0,4,0,0,0,0,6,146,0,0,0,34,0,0,0,0,0,1,1,0,332,3,0,0,0,0,0,0,1,0,0,0,0,0,0,7,0,12,0,0,0,0,0,0,0,0,0,216,0,26,95,19,0,0,2,1,1,0,0,116,0,2,5,245,1,0,0,0
"M607",0,0,84,0,0,0,0,0,1,0,2,0,5,0,8,0,0,0,0,1,0,78,2,0,0,0,2,31,0,0,0,0,0,0,0,0,0,0,0,0,0,0,0,0,0,0,0,0,0,0,0,0,5862,0,0,0,0,526,0,0,0,0,0,0,0,0,0,0,0,0,0,1,1,8,0,0,0,0,0,0,117,0,0,0,8,0,0,0,3,0,0,1,0,0,0,5,0,0,0,0,0,0,0,0,0,1,0,1,0,0,95,1,0,0,0,0,0,0,0,0,0,0,8,90,0,0,0,2
"M611",0,0,0,0,0,0,0,0,0,0,20,0,7,0,377,0,0,0,2,52,0,11,0,0,0,0,0,94,0,7,0,0,0,0,0,1,0,0,0,0,0,0,0,0,0,0,0,0,0,0,0,0,0,0,0,0,0,0,1,0,0,1,0,11,0,0,0,0,0,0,0,28,0,3428,0,0,0,0,65,0,19,0,0,1,0,0,0,0,0,0,0,0,0,0,0,0,0,1,0,0,0,0,0,0,0,0,0,6,0,0,1018,1,0,0,0,0,0,0,6,0,0,5,0,17,6,0,0,0
"M613",0,0,0,0,0,0,0,0,0,0,7,0,16,0,123,0,0,1,0,13,5,0,0,0,0,1,2,14,0,0,0,9,0,0,0,0,2,0,0,0,3,0,2,0,0,0,0,0,0,0,0,0,23,0,0,0,0,0,0,0,0,0,0,0,0,0,0,1,0,0,0,9,0,15,0,0,0,0,0,1,1101,0,0,0,0,0,0,0,1,0,0,0,0,0,0,0,0,0,0,2,0,0,0,0,0,0,0,11,0,0,153,8,0,0,0,0,0,0,0,11,0,0,6,733,6,0,0,0
"M614",0,0,18,0,1,0,0,0,0,0,38,1,59,0,391,0,0,0,0,29,0,325,2,0,0,0,1,57,8,8,1,0,0,0,0,2,1,0,0,0,0,0,0,0,0,0,0,0,0,0,1,0,3081,40,0,0,1,5,0,0,0,1,0,0,0,0,2,37,2,0,0,25,0,14,0,1,0,0,183,0,36,0,0,0,0,0,0,0,0,0,0,0,0,0,0,9,0,3,0,0,0,1,0,0,0,0,0,429,0,0,77,50,0,0,7,1,0,0,7,11,0,1,10,92,2,0,0,0
"M616",0,0,0,0,0,0,0,0,3,0,0,0,6,0,1856,0,0,0,0,19,0,43,0,0,0,1,1,56,0,8,2,7,0,0,0,0,0,0,0,0,0,0,0,2,0,0,0,0,0,0,0,0,31,0,0,0,15,0,44,1,0,0,0,0,2,10,0,155,0,0,0,102,0,18,0,0,0,0,3,0,178,0,0,0,0,0,0,0,0,0,0,0,0,0,0,6,0,2,0,2,0,42,0,0,0,0,0,352,0,7,217,9,0,0,645,0,0,2,0,132,0,1,13,105,0,0,0,0
"M617",0,1,0,0,0,0,0,0,0,0,516,1,23,0,241,0,0,0,20,0,0,70,0,0,0,0,1,0,0,0,0,0,0,0,0,7,8,0,0,0,0,0,0,0,0,0,0,0,2,0,6,0,0,0,0,0,0,3,0,0,0,0,0,0,0,0,0,52,0,0,1,1,0,0,0,0,0,0,13,0,2122,0,0,0,0,0,3,0,0,0,0,0,0,0,0,1,0,0,0,0,5,0,0,0,3,0,0,0,0,1,37,6,0,0,5,0,0,0,22,0,0,0,40,566,20,0,0,0
"M619",0,0,107,0,0,0,0,0,0,0,156,0,9,0,2011,0,0,0,0,60,0,71,0,0,0,0,0,139,1,24,1,0,0,0,0,0,0,0,0,0,0,0,0,0,0,0,0,0,0,0,4,0,55,1,0,0,0,0,0,0,0,1,0,0,0,0,0,272,0,0,0,96,0,29,0,164,0,0,18,0,149,2,0,0,0,0,0,0,2,0,0,0,0,0,0,1,0,27,0,0,0,0,0,0,0,0,0,47,0,14,218,2,0,0,1,0,1,0,3,0,1,1,0,37,3,0,0,0
"M62",0,0,190,0,0,1,0,0,1,0,2,0,97,0,3,0,0,0,0,6,0,154,0,0,0,0,1,5,4,0,8,6,0,0,0,0,0,0,1,0,0,2,0,0,0,1,0,1,0,0,0,3,458,0,0,0,2,0,120,0,0,3,0,0,0,0,16,57,0,0,50,65,0,1,0,64,0,164,5,0,27,0,1,0,0,0,0,0,4,0,0,1,0,0,0,0,0,26,0,0,0,1,1,0,0,0,0,171,0,1,466,241,0,0,7,2,0,0,0,12,0,2,6,907,0,0,0,0
"M620",0,0,0,0,0,0,0,0,0,0,396,0,13,0,1809,0,0,0,6,0,0,19,0,0,0,0,0,0,0,2,0,0,0,0,0,38,1,0,0,0,0,0,0,0,0,0,0,0,2,0,16,0,75,0,0,0,0,28,0,4,0,2,0,0,0,0,0,0,0,0,0,196,0,5,0,0,0,0,1,0,118,0,0,0,2,0,0,0,7,0,0,0,0,0,0,1,0,0,0,0,1,0,0,0,0,0,0,349,0,1,190,2,0,0,0,0,0,0,0,75,0,6,0,187,33,0,0,0
"M622",4,0,18,3,1,0,0,1,0,0,2018,0,50,0,1021,1,0,0,0,161,0,21,0,0,0,0,0,111,3,12,0,0,5,0,0,7,0,0,0,0,0,0,0,0,0,0,0,0,0,0,0,0,87,0,0,0,0,0,0,0,0,2,0,0,0,0,2,63,14,0,1,234,1,40,0,277,0,28,286,1,2,34,0,0,0,0,0,0,3,1,0,0,0,0,0,1788,0,3,0,0,0,0,0,0,0,0,0,120,0,22,1915,334,0,0,8,0,12,1,13,28,100,5,2,55,59,0,0,0
"M624",0,0,0,0,0,0,0,0,0,0,8,0,33,1,4496,0,0,0,3,45,0,0,0,0,0,0,2,8,0,6,0,0,0,0,0,0,4,0,0,0,0,0,0,0,0,0,0,0,0,0,28,0,0,0,0,16,0,31,0,0,0,0,0,96,0,0,0,20,0,68,0,6,0,18,0,0,0,0,0,0,241,2,0,8,1,0,0,0,0,0,0,0,0,0,0,91,0,0,0,0,0,0,0,0,0,0,0,3,0,5,373,1,0,0,0,0,0,1,4,0,0,0,0,53,2,0,0,0
"M627",638,0,7,1,0,2,0,0,0,0,0,0,26,9,48,0,0,1,0,5,0,3,1,0,0,0,1,75,0,1,0,30,0,0,82,0,0,0,0,0,1,0,0,0,3,6,0,0,0,0,0,0,347,0,0,0,4,191,0,0,0,0,0,0,1,0,2,7,0,0,0,6,0,0,0,0,0,0,0,0,41,0,0,0,1,0,0,0,10,0,0,0,0,0,0,0,0,2,0,0,0,38,1,0,0,3,0,101,0,3,128,57,0,0,248,0,0,0,0,1,0,2,2,128,1,0,5,1
"M629",0,0,0,0,0,0,0,0,0,0,48,0,27,0,1475,0,0,0,0,201,0,498,0,0,0,0,0,41,0,5,0,0,0,0,0,2,9,0,1,0,0,0,0,0,0,0,0,0,0,0,487,0,37,0,0,0,0,946,0,0,0,0,0,0,0,0,2,71,0,1,0,2,0,36,0,0,0,0,12,0,6106,1,0,0,8,0,0,0,0,0,0,0,0,0,0,0,0,1,0,0,4,0,0,0,4,1,0,30,0,2,301,1,0,1,0,0,0,0,4,0,0,3,0,58,4,0,0,1
"M631",0,0,27,0,0,0,0,0,0,0,111,0,18,0,305,0,0,0,0,1,0,1,0,0,0,0,0,5,0,1,0,0,0,0,0,0,57,0,0,0,0,0,0,0,0,0,0,0,0,0,1,0,0,0,0,0,0,1,0,0,0,0,0,0,0,0,0,0,0,0,1,1,0,2,0,0,0,0,0,0,4724,0,0,0,0,0,0,0,33,0,0,0,0,0,0,0,0,0,0,0,1,0,0,0,0,0,0,0,0,0,15,1,0,0,0,0,0,1,0,0,0,1,0,0,7,0,0,0
"M632",0,0,7,0,0,0,0,0,0,0,7,0,3,0,2031,0,0,0,0,196,0,51,0,0,0,0,1,1384,0,19,3,8,0,0,0,0,0,0,0,0,0,0,0,0,0,0,0,0,2,6,1,0,660,0,0,0,0,0,1,0,0,0,0,0,1,0,0,22,0,4,0,10,0,70,0,1489,0,0,16,0,26,0,0,5,0,0,0,0,0,0,0,1,0,0,0,0,0,2,0,0,0,0,0,0,0,0,0,4,0,0,258,30,0,0,12,0,0,1,4,1,0,9,0,39,0,0,0,0
"M634",0,0,9,0,0,0,0,0,0,0,3,0,76,0,27,1,0,0,1,71,0,1099,0,0,7,3,1,22,3,1,5,0,0,0,0,0,0,0,0,0,0,2,0,12,0,0,0,0,0,0,4,0,322,0,0,0,0,1,4,0,0,10,0,0,0,0,2,878,0,0,22,19,3,2,0,18,0,19,62,0,103,37,0,0,0,7,7,0,1,0,0,0,0,0,0,2,0,204,0,0,0,1,0,0,0,0,0,79,0,16,471,83,1,0,57,0,0,3,3,4,0,1,486,130,0,0,0,0
"M636",2,0,0,0,0,0,0,0,1,0,22,0,5,0,1316,0,0,0,0,498,0,42,0,1,0,0,1,137,0,13,7,0,0,0,0,24,2,0,0,0,0,0,0,0,0,0,0,0,0,0,0,0,169,0,0,0,0,48,0,0,0,0,0,0,0,0,0,140,0,9,2,5,0,169,0,0,0,0,16,0,1346,4,0,0,1,0,0,0,1,0,0,0,0,0,0,59,0,4,0,0,0,0,0,0,1,0,0,0,0,13,182,27,0,0,0,0,0,0,5,10,13,3,0,6,3,1,0,0
"M639",0,0,0,0,0,0,0,0,0,0,219,0,11,0,1141,0,0,0,1,1,0,1,0,0,0,0,0,4,0,8,0,0,0,0,0,51,35,0,0,0,0,0,0,0,0,0,0,0,0,0,0,0,0,0,0,0,0,7,0,0,0,0,0,0,0,0,0,138,0,0,7,0,0,40,0,0,0,0,0,0,2720,0,0,0,0,0,0,0,1,0,4,0,0,0,0,0,0,22,0,0,0,0,2,0,0,0,0,0,0,4,41,0,0,0,0,0,0,0,0,0,0,1,0,0,8,0,0,0
"M641",0,0,0,0,0,0,0,0,0,0,1538,0,13,0,0,0,13,0,4,0,0,0,0,0,0,0,0,3,0,0,0,13,0,0,0,1109,28,0,0,3,0,0,0,0,0,0,0,0,0,0,0,0,1,0,0,0,0,4,0,0,0,0,0,0,0,0,0,0,0,0,135,0,0,0,0,0,0,0,0,0,1960,0,0,0,0,0,0,0,1,0,0,0,0,0,0,1,0,0,0,0,5,0,0,0,3,0,0,0,0,0,8,0,0,0,8,0,0,0,0,0,0,2,1,0,29,0,0,0
"M642",0,0,0,0,0,0,0,0,0,0,9,0,3,1,4827,0,0,0,9,25,0,0,0,0,0,0,0,1,0,15,0,0,0,0,0,17,0,0,0,0,0,0,0,0,0,0,0,0,0,0,2,0,0,0,0,0,0,21,0,0,0,0,0,0,0,0,0,51,0,4,1,0,0,18,0,0,1,0,0,0,567,2,0,0,0,0,0,0,1,0,0,0,0,0,0,0,0,6,0,0,0,0,0,0,0,1,0,2,0,3,305,0,0,0,0,0,0,0,0,0,0,4,0,0,1,0,0,0
"M643",0,0,55,0,0,0,0,0,0,0,53,0,1,0,1760,0,0,0,0,143,0,83,0,0,0,0,6,144,0,15,10,0,0,2,0,18,0,0,0,0,0,0,0,0,0,0,0,0,0,0,0,0,2,0,0,0,0,8975,0,0,0,0,0,0,0,0,0,0,0,0,5,116,0,43,0,8,0,0,1,0,15,0,0,0,55,0,0,0,1,0,0,0,0,0,0,0,0,0,0,0,0,0,0,0,0,23,0,33,1,0,74,2,0,0,0,0,0,0,0,1,0,0,0,41,2,0,0,7
"M644",4,0,15,0,0,0,0,0,0,0,0,0,26,0,1,0,0,0,0,27,0,142,0,0,0,1,0,8,0,0,2,4,0,0,0,0,0,0,0,0,0,0,0,5,0,0,0,2,0,0,0,0,165,0,0,0,0,0,22,1,0,9,0,0,11,0,6,24,0,0,0,51,0,0,0,0,1,58,0,0,7,0,0,0,0,0,0,0,1,0,0,0,0,0,0,2,1,3,0,0,0,2,3,2,0,0,0,15,0,0,435,45,3,0,68,0,3,0,0,4,0,1,6,100,0,0,0,0
"M645",0,0,1,0,1,0,0,0,0,0,102,0,3,0,8212,0,0,7,0,1423,0,5,0,0,0,0,10,109,0,25,0,3,0,0,0,1,0,0,0,0,1,0,0,2,3,0,0,0,0,21,7,0,1822,0,0,0,1,12,0,5,0,0,1,2,0,0,0,9,0,1,0,22,4,260,0,1,0,0,1,1,27,0,0,0,0,0,0,0,0,0,0,3,6,1,0,1,0,1,0,1,1,0,0,3,1,0,0,68,0,0,318,17,0,0,2,0,0,0,0,0,0,8,0,155,1,0,0,0
"M646",0,0,0,0,0,0,0,0,0,0,316,0,4,0,4667,0,0,0,12,1,0,0,0,0,0,0,16,0,0,16,0,1,0,0,0,12,3,0,0,0,0,0,0,0,1,0,0,0,13,0,0,0,0,0,0,0,0,14,0,0,0,0,0,0,0,0,0,0,0,0,0,0,0,23,0,0,1,0,0,0,1393,1,0,0,1,0,0,0,0,0,0,0,0,0,0,0,0,0,0,0,3,0,0,0,0,0,0,0,0,0,305,0,0,0,0,0,0,0,0,0,0,19,0,0,6,0,0,0
"M648",0,0,0,0,0,0,0,0,0,0,23,0,4,0,1345,0,0,1,44,299,0,0,0,2,0,0,21,2,0,2,0,2,0,0,0,9,6,0,0,0,1,0,0,0,3,0,0,0,226,0,2,0,0,0,0,0,0,0,0,3,0,0,0,0,0,0,0,5,0,28,0,0,69,16,0,0,0,0,0,0,2065,0,0,0,0,0,0,0,0,0,0,0,0,0,0,0,0,2,0,238,67,0,0,0,101,0,0,0,0,0,130,1,0,0,0,0,0,11,0,0,0,889,0,1,5,0,0,1
"M649",0,0,0,0,0,0,0,0,0,0,2,0,3,0,6931,0,0,0,31,0,0,0,0,0,0,0,0,0,0,7,0,0,0,0,0,0,5,0,0,0,0,0,0,0,0,0,0,0,0,0,0,0,0,0,0,0,0,101,0,0,0,0,0,0,0,0,0,1,0,0,0,0,0,13,0,0,0,0,0,0,933,0,0,0,2,0,0,0,32,0,0,0,0,0,0,0,0,0,0,0,6,0,0,0,6,3,0,0,0,0,444,0,0,0,0,0,0,0,0,0,0,6,0,0,2,0,0,0
"M652",0,0,0,0,0,0,0,0,0,0,223,0,1,0,942,0,0,0,0,181,0,37,0,0,0,1,0,668,0,4,0,0,0,0,0,0,0,0,0,0,0,0,0,0,0,0,0,0,1,0,0,0,14,0,0,0,1,0,0,0,0,0,0,0,0,4,0,23,0,1,2,129,0,39,0,0,2,0,3,0,52,1,0,0,0,0,0,0,0,0,0,0,0,0,0,15,0,0,0,0,0,0,1,5,0,0,0,31,0,2,68,4,0,0,2,0,0,1,1,1,0,2,0,213,3,0,0,0
"M653",0,0,0,0,0,0,0,0,0,0,4,0,0,0,13652,0,0,0,4,0,0,0,0,0,0,0,6,0,0,73,0,0,0,0,0,5,0,0,0,0,0,0,0,0,0,0,0,0,2,0,28,0,0,0,0,0,0,1,0,0,0,0,0,0,0,0,0,1,0,0,0,0,0,67,0,0,0,0,0,0,193,0,0,0,0,0,0,0,0,0,0,0,1,0,0,0,0,2,0,0,0,0,0,0,0,0,0,1,0,0,532,0,0,0,0,0,0,4,0,0,0,2,0,0,0,0,0,0
"M655",1,0,0,0,0,0,0,0,0,0,0,0,3,0,1922,0,0,0,0,57,0,2,0,0,0,0,1,85,0,10,1,0,0,0,0,58,0,0,0,0,0,0,0,0,0,0,0,0,0,0,46,0,4,36,0,0,0,1087,0,0,0,0,0,0,0,0,0,1078,0,169,0,1,0,25,0,0,0,0,0,0,5,13,0,0,18,0,0,0,11,0,0,0,0,0,0,7,0,0,0,0,0,0,0,0,0,21,0,4,0,147,151,0,0,0,0,0,0,0,3,0,1,9,0,8,0,0,0,4
"M657",0,0,0,0,0,0,0,0,0,0,11,0,17,0,601,0,0,0,0,49,0,5,0,0,0,0,3,511,0,4,0,0,0,0,0,1,4,0,0,0,2,0,0,0,0,0,0,0,7,0,92,0,0,0,0,0,0,4,0,1,0,0,0,0,0,0,0,0,0,0,0,3,0,13,0,0,0,0,0,0,3715,0,0,0,0,0,0,0,0,0,0,0,0,0,0,0,0,0,0,3,1,0,0,0,1,0,0,12,0,0,225,0,0,0,0,0,0,0,0,0,0,0,0,0,1,0,0,0
"M660",0,0,0,0,0,0,0,0,0,0,55,0,12,0,1521,0,0,0,0,3,0,1,0,0,0,0,0,0,0,3,0,0,0,1,0,47,30,0,0,0,0,0,0,0,0,0,0,0,0,0,6,0,0,0,0,0,0,616,0,0,0,0,0,0,0,0,0,0,0,0,0,0,0,2,0,0,0,0,0,0,3426,0,0,0,11,0,0,0,0,0,2,0,0,0,0,0,0,0,0,0,0,0,0,0,0,7,0,0,0,0,169,0,0,0,0,0,0,0,0,0,0,0,0,0,8,0,0,3
"M661",0,5,25,0,0,0,0,0,0,0,4,0,39,0,3,1,0,0,0,38,0,554,0,0,0,1,1,9,0,0,0,0,0,0,0,0,0,0,0,0,0,0,0,5,0,0,0,0,0,0,10,2,314,1,0,0,0,4,10,0,0,95,0,0,0,0,0,381,0,0,0,2,0,2,0,9,0,4,199,0,147,16,0,0,0,4,1,0,25,0,0,0,0,0,0,46,0,78,1,0,0,1,1,0,0,0,0,30,0,45,83,42,0,0,24,0,0,0,6,1,0,0,9,104,0,0,0,1
"M662",0,0,0,0,0,0,0,0,0,0,8,0,1,0,5649,0,0,0,1,212,0,0,0,0,0,0,1,37,0,18,0,2,0,0,0,0,0,0,0,0,0,0,0,0,0,0,0,0,1,0,1,0,6,0,0,0,2,0,0,1,0,0,0,0,0,2,0,1,0,0,0,0,0,51,0,0,1,0,0,0,763,0,0,0,0,0,0,0,0,0,0,0,0,0,0,0,0,0,0,0,1,1,0,0,1,0,0,2,0,0,358,0,0,0,3,0,0,0,0,0,0,3,0,0,0,0,0,0
"M663",0,0,0,0,0,0,0,0,0,0,30,0,37,0,36,0,0,0,2,0,4,7,0,0,0,0,0,6,0,0,0,31,0,0,0,67,8,0,0,0,0,0,2,0,0,0,0,0,0,0,15,0,0,0,0,0,0,1,0,0,0,0,0,0,0,0,0,6,0,0,36,0,0,2,0,0,0,0,1,0,3719,0,0,0,0,0,0,0,14,0,0,0,0,0,0,0,0,1,0,0,0,0,2,0,0,0,0,5,0,0,47,0,0,0,0,5,0,0,0,1,0,0,2,13,8,0,0,0
"M664",0,0,0,0,0,0,0,0,0,0,1,0,3,0,1258,0,0,0,0,810,0,32,0,0,0,0,0,593,7,9,0,1,0,0,0,103,0,0,0,0,0,0,0,0,0,0,0,0,0,0,1,0,157,0,0,0,1,0,26,3,0,0,0,0,0,22,1,52,0,0,0,9,0,34,0,234,0,0,17,0,31,0,0,0,0,0,0,0,51,0,0,0,1,0,0,32,0,11,0,1,0,0,0,0,0,0,0,80,0,1,57,0,0,0,2,0,0,0,3,0,3,0,2,11,1,0,0,0
"M665",0,1,0,0,0,0,0,0,0,0,2,0,1,0,580,0,0,0,0,33,38,0,0,0,0,0,0,29,0,7,0,0,0,0,6,0,0,0,0,0,1,0,0,0,0,0,0,0,3,0,28,0,0,0,0,0,2,3107,0,0,0,0,0,0,16,0,0,0,0,6,0,8,0,24,0,0,0,0,0,0,58,0,0,0,40,0,0,0,2,0,0,0,0,0,0,9,0,0,0,94,0,0,0,1,2,44,0,0,0,0,42,2,0,0,0,0,0,0,0,0,3,2,0,6,0,0,1,9
"M666",0,2,0,0,0,0,0,0,0,0,29,0,21,0,282,0,0,0,9,31,0,0,0,0,0,0,0,0,0,0,0,0,0,0,0,0,8,0,0,0,0,0,0,0,0,0,0,0,0,0,0,0,0,0,0,0,0,483,0,0,0,0,0,0,0,0,0,0,0,0,0,0,0,2,0,0,0,0,0,0,5611,0,0,0,3,0,0,0,1,0,0,0,0,0,0,0,0,0,0,0,0,0,0,0,0,11,0,0,0,0,44,0,0,0,0,0,0,0,0,0,0,0,0,0,5,0,0,0
"M667",0,0,0,0,0,0,0,0,0,0,333,0,7,0,404,0,0,0,2,13,0,22,0,0,0,0,0,33,0,0,0,0,0,0,0,1,2,0,0,0,0,0,0,0,0,0,0,0,0,0,12,0,12,5,0,0,0,0,0,0,0,0,0,0,0,0,0,10,0,102,0,15,0,135,0,0,0,0,8,0,1503,2,0,0,0,0,0,0,4,0,0,0,0,0,0,0,0,2,0,0,0,0,1,0,1,0,0,32,0,1,47,2,0,0,0,0,0,0,3,0,0,3,0,12,10,0,0,0
"M669",0,0,0,0,3,0,0,0,0,0,19,0,1,0,630,0,0,0,5,28,0,0,0,0,0,1,0,355,0,7,0,4,0,0,0,0,1,0,0,0,0,0,0,0,0,0,0,0,0,0,0,0,0,0,0,0,1,0,0,0,0,0,0,0,0,0,0,4,0,0,1,28,0,999,7,0,0,0,1,0,418,0,0,6,0,0,0,0,1084,0,0,0,0,0,0,0,0,0,0,0,0,0,0,0,0,0,0,28,0,0,260,0,0,0,0,0,0,0,1,0,0,0,0,47,0,0,0,0
"M670",0,4,154,0,2,0,14,0,0,0,33,1,125,1,306,1,0,0,2,62,0,1001,0,1,5,0,5,153,6,0,39,1,0,0,0,10,4,0,0,0,0,10,0,9,0,0,1,0,0,0,88,14,319,0,0,0,4,203,15,1,0,97,18,0,9,1,14,534,0,0,18,183,0,12,0,187,0,106,89,0,813,29,0,2,4,7,1,0,34,0,3,0,13,13,0,30,0,178,0,0,0,1,0,1,2,3,0,608,13,22,392,137,0,41,158,1,1,2,1,74,1,9,173,874,0,0,0,0
"M671",0,1,0,0,0,0,0,0,0,0,4,0,1,0,2844,0,0,0,2,72,0,0,0,0,0,0,0,0,0,2,0,1,0,0,0,0,2,0,0,0,0,0,0,0,0,0,0,0,1,0,68,0,0,0,0,0,0,886,0,0,0,0,0,0,0,0,0,0,0,0,0,0,0,16,0,0,0,0,0,0,133,0,0,0,14,0,0,0,16,0,0,0,0,0,0,0,0,0,0,0,0,0,0,0,0,16,0,0,0,0,238,0,0,0,0,0,0,0,0,0,0,0,0,2,0,0,0,2
"M672",0,0,0,0,0,0,0,0,0,0,0,0,39,0,0,0,0,0,0,21,0,5,0,1,0,0,1,6,1,0,3,3,0,0,0,0,0,0,0,0,1,0,0,15,0,0,0,0,0,0,0,0,37,0,0,0,0,1,6,58,0,0,0,0,75,4,0,3,0,0,0,0,0,4,0,5,0,3,0,0,0,4,0,0,0,0,1,0,12,0,0,0,1,0,0,2,1,0,0,0,0,18,2,0,0,0,0,2,0,0,75,2401,0,0,233,0,0,0,0,0,0,2,33,3,0,0,0,0
"M673",0,397,0,0,0,0,0,0,0,0,17,0,3,0,2468,0,0,0,2,0,0,0,0,0,0,0,0,0,0,1,0,0,0,0,0,0,0,0,0,0,0,0,0,0,0,0,0,0,1,0,1,0,0,0,0,0,0,1628,0,0,0,0,0,0,0,0,0,0,0,0,0,0,0,7,7,0,0,0,0,0,19,0,0,0,26,0,0,0,1294,0,0,0,0,0,0,0,0,0,0,0,0,0,0,0,0,25,0,0,0,0,282,0,0,0,0,0,0,0,0,0,0,6,0,6,1,0,0,20
"M674",0,0,0,0,0,0,0,0,0,0,8,0,17,0,4822,0,0,0,17,31,0,0,0,0,0,0,11,16,0,9,0,0,0,0,0,2,1,0,0,0,0,0,0,0,0,0,0,0,4,0,8,0,0,0,0,0,0,15,0,0,0,0,0,0,0,0,0,6,0,115,0,10,0,13,0,0,0,0,0,0,339,15,0,0,0,0,0,0,49,0,0,0,0,0,0,562,0,0,0,1,7,0,0,0,2,0,0,0,0,6,604,1,0,0,0,0,0,0,41,8,0,10,0,71,0,0,0,0
"M675",0,0,0,0,0,0,0,0,0,0,2,0,4,0,5451,0,0,0,1,84,0,0,0,0,0,0,0,0,0,47,0,0,0,0,0,0,3,0,0,0,0,0,0,0,0,0,0,0,1,0,3,0,0,0,0,0,0,1,0,0,0,0,0,0,0,0,0,0,0,0,0,0,0,28,0,0,0,0,0,0,955,0,0,0,0,0,0,0,0,0,0,0,0,0,0,0,0,0,0,0,1,0,0,0,0,0,0,0,0,0,185,0,0,0,0,0,0,0,0,0,0,4,0,0,1,0,0,0
"M676",0,23,1,0,0,0,0,0,0,0,4,0,5,0,1499,0,0,0,1,428,0,1,0,0,0,1,1,6,0,0,0,0,0,0,0,0,1,0,0,0,0,0,0,0,3,0,0,0,3,0,43,0,5,0,0,0,0,1563,3,3,0,0,0,0,0,0,0,1,0,0,0,2,1,7,0,0,2,0,0,0,789,0,0,0,24,0,0,0,0,0,0,0,0,0,0,58,0,1,0,17,0,0,0,0,2,33,0,0,0,0,127,0,0,0,4,0,0,0,0,0,0,53,1,3,1,0,0,2
"M678",0,0,0,0,0,0,0,0,0,0,6,0,2,0,4583,1,0,0,4,49,0,0,0,0,0,0,1,24,0,3,0,0,0,0,0,0,5,0,0,0,0,0,0,0,0,0,0,0,0,0,21,0,0,0,0,0,0,25,0,0,0,0,0,0,0,0,0,0,0,2,0,0,0,44,0,0,0,0,0,0,417,0,0,0,1,0,0,0,19,0,0,0,0,0,0,114,0,0,0,0,0,0,0,0,0,0,0,0,0,0,366,0,0,0,0,0,0,0,0,0,0,0,0,9,0,0,0,0
"M679",0,0,0,0,0,0,0,0,0,0,5,0,0,0,5349,0,0,0,10,16,0,0,0,0,0,0,6,208,0,11,0,0,0,0,0,1,0,0,0,0,0,0,0,0,0,0,0,0,3,0,7,0,0,0,0,0,0,26,0,0,0,0,0,0,0,0,0,0,0,3,0,16,3,24,1,0,1,0,0,0,131,0,0,0,0,0,0,0,236,0,0,0,0,0,0,0,0,0,0,0,0,0,0,0,0,1,0,0,0,0,400,0,0,0,0,2,0,0,0,0,0,11,0,3,3,0,0,0
"M680",0,0,0,0,0,0,0,0,0,0,2,0,2,0,5824,0,0,0,1,316,0,0,0,0,0,0,0,39,0,19,0,0,0,0,0,65,0,0,0,0,0,0,0,0,0,0,0,0,0,0,51,0,0,0,0,0,0,432,0,0,0,0,0,0,0,0,0,0,0,0,0,0,0,62,0,0,1,0,0,0,8,0,0,0,6,0,0,0,7,0,0,0,0,0,0,2,0,0,0,0,0,0,0,0,0,4,0,0,0,0,416,0,0,0,0,0,0,0,0,0,0,0,0,0,0,0,0,2
"M681",0,1,0,0,0,0,0,0,0,0,3,0,0,0,8554,0,0,0,8,320,0,0,0,0,0,0,0,0,0,8,0,0,0,0,0,5,0,0,0,0,0,0,0,0,0,0,0,0,3,0,118,0,0,0,0,0,0,13,0,0,0,0,0,0,0,0,0,0,0,0,0,0,0,40,0,0,0,0,0,0,57,0,0,0,0,0,0,0,41,0,0,0,0,0,0,0,0,0,0,0,1,0,0,0,0,0,0,0,0,0,607,0,0,0,0,0,0,0,1,0,0,1,0,0,0,0,0,0
"M682",0,0,0,0,0,0,0,0,0,0,1,0,0,0,38,0,0,0,5,0,0,0,0,0,0,0,0,0,0,0,0,0,0,0,0,1,0,0,0,0,0,0,0,0,0,0,0,0,0,0,0,0,0,0,0,1,0,6679,0,0,0,0,0,0,0,0,0,0,0,0,0,0,0,0,0,0,0,0,0,0,14,0,0,0,105,0,0,0,1,0,0,0,0,0,0,0,0,0,0,0,0,0,0,0,0,93,0,0,0,0,52,0,0,0,0,2,0,0,0,0,0,0,0,0,1,0,0,22
"M683",0,0,0,2,0,0,0,0,0,0,1,0,0,0,6164,0,0,0,26,2,0,0,0,0,0,0,21,0,0,2,0,0,0,1,0,0,1,0,4,0,0,0,0,0,0,0,0,0,3,0,0,0,0,0,0,0,0,8,0,6,0,0,0,0,0,0,0,0,0,0,0,0,1,10,0,0,1,0,0,0,485,0,0,0,0,0,0,0,36,0,0,0,0,0,0,0,0,0,0,0,0,1,0,0,1,1,0,0,0,0,434,1,0,0,0,2,0,0,0,0,0,47,0,1,1,0,0,0
"M684",0,0,0,0,0,0,0,0,0,0,2,0,3,0,5561,0,0,0,10,5,0,0,0,0,0,0,0,0,0,20,0,0,0,0,0,0,0,0,0,0,0,0,0,0,0,0,0,0,0,0,4,0,0,0,0,0,0,7,0,0,0,0,0,0,0,0,0,0,0,0,0,0,0,17,1,0,0,0,0,0,332,0,0,0,0,0,0,0,7,0,0,0,0,0,0,0,0,0,0,0,0,0,0,0,1,0,0,0,0,0,654,0,0,0,0,1,0,3,0,0,0,12,0,0,0,0,0,0
"M685",0,0,0,0,0,0,0,0,0,0,899,0,17,0,2631,0,0,0,4,82,0,0,0,0,0,0,7,192,0,18,0,0,0,0,0,1,0,0,0,0,0,0,0,0,0,0,0,0,2,0,16,0,2,0,0,0,4,0,0,0,0,0,0,0,0,0,0,0,0,162,1,6,0,33,0,0,0,0,0,0,182,0,0,0,0,0,0,0,0,0,0,0,0,0,0,2,0,0,0,0,0,0,0,0,5,0,0,6,0,0,84,0,0,0,0,0,0,0,1,0,0,2,0,13,22,0,0,0
"M686",0,2,1,0,2,0,0,0,0,0,3,0,44,0,251,0,9,0,0,63,0,25,2,0,0,0,3,12,0,1,1,24,0,0,0,271,0,0,0,0,2,0,1,27,0,0,0,0,0,0,0,0,725,9,0,0,0,54,3,2,0,1,0,0,0,0,0,3,0,0,0,0,10,19,0,0,0,1,0,0,51,0,0,0,15,0,0,0,9,0,0,0,0,0,0,0,0,2,0,0,1,4,36,0,0,0,0,2,0,0,155,14,0,0,34,0,0,0,0,0,0,4,6,849,2,0,0,0
"M687",0,1,0,0,0,0,0,0,0,0,7,0,4,0,8281,0,0,0,3,0,0,0,0,0,0,0,1,0,0,8,0,0,0,0,0,57,2,0,0,0,0,0,0,0,0,0,0,0,10,0,0,0,0,0,0,0,0,0,0,0,0,0,0,0,0,0,0,0,0,0,0,0,0,15,0,0,0,0,0,0,585,0,0,0,0,0,0,0,0,0,0,0,0,0,0,0,0,0,0,0,1,0,0,0,0,0,0,0,0,0,566,0,0,0,0,2,0,0,0,0,0,0,0,0,1,0,0,0
"M688",0,0,0,0,0,0,0,0,0,0,1,0,0,0,8753,0,0,0,37,0,0,0,0,0,0,0,0,0,0,5,0,0,0,0,0,0,1,0,0,0,0,0,0,0,0,0,0,0,1,0,3,0,0,0,0,0,0,90,0,0,0,0,0,0,0,0,0,0,0,0,0,0,0,28,0,0,1,0,0,0,151,0,0,0,1,0,0,0,0,0,0,0,0,0,0,0,0,0,0,0,0,0,0,0,1,2,0,0,0,0,572,0,0,0,0,1,0,1,0,0,0,2,0,0,0,0,0,3
"M690",0,0,0,0,0,0,0,0,0,0,4,0,5,0,5532,0,0,0,39,0,0,0,0,0,0,0,2,0,0,9,0,0,0,0,0,0,5,0,0,0,0,0,0,0,0,0,0,0,0,0,7,0,0,0,0,0,0,27,0,0,0,0,0,0,0,0,0,0,0,0,0,0,0,19,2,0,1,0,0,0,537,0,0,0,1,0,0,0,59,0,0,0,0,0,0,4,0,0,0,0,5,0,0,0,4,1,0,0,0,0,419,0,0,0,0,0,0,1,1,0,0,13,0,0,0,0,0,1
"M691",0,0,0,0,0,0,0,0,0,0,0,0,0,0,6623,0,0,0,0,33,0,0,0,0,0,0,0,12,0,9,0,0,0,0,0,4,0,0,0,0,0,0,0,0,0,0,0,0,0,0,10,0,0,0,0,0,0,2,0,0,0,0,0,0,0,0,0,1,0,0,0,24,0,32,0,0,3,0,0,0,2,0,0,0,0,0,0,0,6,0,0,0,0,0,0,0,0,0,0,0,0,0,0,0,0,0,0,0,0,0,517,0,0,0,0,0,0,0,0,0,0,0,0,1,0,0,0,0
"M692",0,0,0,0,0,0,0,0,0,0,2,0,2,0,5093,0,0,0,0,293,0,0,0,0,0,0,1,5,0,4,1,0,0,7,0,17,0,0,0,0,0,0,0,0,0,0,0,0,22,0,1,0,0,0,0,0,0,56,0,4,0,0,0,0,0,0,0,0,0,1,0,164,1,39,0,0,0,0,0,0,16,0,0,0,0,0,0,0,19,0,0,0,0,0,0,4,0,0,0,17,0,0,0,1,0,0,0,0,0,0,490,1,0,0,0,0,0,1,43,0,0,29,0,10,0,0,0,1
"M695",0,2,0,0,0,0,0,0,0,0,19,0,8,0,23,0,0,0,10,0,0,1,0,0,0,0,0,0,0,0,0,0,0,0,0,0,2,0,0,0,0,0,0,0,0,0,0,0,1,0,0,0,0,0,0,0,0,1820,0,0,0,0,0,0,0,0,0,121,0,0,0,0,0,0,0,0,0,0,0,0,3618,2,0,1,22,0,0,0,0,0,1,0,0,0,0,0,0,0,0,0,0,0,0,0,0,36,0,0,0,15,27,0,0,0,0,0,0,0,0,0,0,5,0,0,12,0,0,2
"M696",0,4,0,0,0,0,0,0,1,0,12,1,17,1,121,0,0,0,9,0,0,0,0,2,0,1,3,0,0,0,0,0,0,0,0,0,6,0,0,0,0,0,0,0,2,0,0,0,5,0,5,0,0,0,0,0,0,1686,248,0,0,0,0,0,0,0,0,0,0,0,0,0,2,2,0,0,0,0,0,2,3307,0,0,0,15,0,1,0,1,0,13,0,1,0,0,0,0,0,0,0,3,0,0,0,42,30,0,0,0,0,34,4,0,0,1,12,0,0,0,0,0,32,5,33,0,2,0,4
"M697",0,0,0,0,0,0,0,0,0,0,15,0,8,0,468,0,0,0,3,0,0,0,0,9,0,0,1,0,0,1,0,0,0,0,0,17,6,9,0,0,0,0,0,0,0,0,0,0,0,0,0,0,0,0,0,0,0,155,0,0,0,0,0,0,0,0,0,0,0,0,0,0,0,1,0,0,0,0,0,15,2850,0,0,0,1,0,0,0,5,0,0,0,21,0,0,0,0,0,0,0,0,0,0,0,27,5,0,0,0,0,36,0,0,8,0,16,0,4,0,0,0,53,0,0,2,0,0,1
"M698",0,0,8,0,0,0,0,0,0,0,0,0,0,0,2289,0,0,0,0,3002,0,2,0,0,0,0,1,0,0,15,0,0,0,0,0,0,0,1,0,0,0,0,0,0,0,0,0,0,0,0,1,0,1,0,0,0,0,0,0,49,0,0,0,0,0,0,0,1,0,0,0,0,0,89,0,0,0,0,0,0,25,0,0,0,0,0,0,0,3,0,0,0,0,0,0,4,0,0,0,0,0,0,0,0,0,0,0,0,0,1,234,0,0,0,0,1,0,0,0,0,0,1,0,3,0,0,0,0
"M7",0,0,68,0,0,0,0,0,1,1,0,0,195,0,0,0,0,0,0,128,0,169,0,0,0,7,0,299,2,0,35,6,0,0,0,0,0,0,0,0,0,3,0,52,0,0,0,0,0,0,0,1,550,0,0,0,0,2,168,3,0,2,0,0,1579,0,0,0,0,0,0,26,0,18,0,20,0,1,363,0,0,2,18,0,0,0,1,0,0,0,0,0,0,0,0,0,1,0,0,0,0,23,1,0,0,0,0,33,0,3,579,144,0,0,1553,0,1,0,7,0,0,4,26,52,0,1,0,0
"M76",0,7,117,0,0,0,0,0,0,0,43,0,51,0,30,0,0,0,0,5,0,23,0,0,0,0,2,17,0,0,3,0,0,0,0,0,17,0,0,0,0,0,0,1,0,0,0,0,0,0,4,0,38,0,0,0,10,257,30,0,0,6,0,0,0,0,2,0,0,0,0,197,0,0,0,286,0,0,125,1,2836,0,0,0,5,0,1,0,1,0,0,0,0,0,0,0,0,0,0,0,0,0,0,0,0,0,0,162,0,0,61,15,0,0,9,0,0,0,1,83,0,1,24,230,4,0,0,2
"M8",0,0,710,0,0,1,0,0,0,1,0,0,50,0,1,0,0,0,3,57,0,117,0,0,0,0,2,23,4,0,17,5,0,0,0,0,0,0,0,0,0,0,0,4,0,0,0,0,0,0,0,0,245,0,0,0,2,5,0,15,0,10,0,0,0,2,8,18,0,0,10,728,1,2,0,60,0,9,36,0,4,0,0,0,0,0,1,0,13,0,1,0,0,0,0,1,0,5,0,0,1,1,0,0,0,0,0,1338,0,0,1136,151,0,0,5,0,0,2,0,109,0,5,41,728,0,0,0,0
"M9",0,9,62,0,0,0,0,0,0,0,0,0,69,0,66,1,0,0,0,267,0,143,1,0,0,2,2,79,2,1,28,7,0,0,0,0,0,0,0,0,0,0,0,49,0,0,0,0,0,0,0,2,6188,0,0,0,2,112,20,0,0,7,0,0,0,0,5,23,0,0,0,97,2,9,0,162,0,5,110,0,96,3,5,0,4,0,0,0,0,0,0,2,0,1,0,0,0,5,0,0,0,1,3,1,1,1,1,150,0,1,435,162,0,0,52,0,0,0,4,2,0,4,8,170,0,0,0,0
